Group,CMTS_Name,CMTS_DS_Port,FDAM_Location,TX_No,TX_Location,Coupler_Location,Coupler_Split(%),TX_Patch_Panel,Tx_Distance,Tx_Optical_Light,Node_Id,Node_Id_Before,Node_Name,RX_Optical_Light,RX_Distance,RX_Patch_Panel,RX_No,RX_Location,CMTS_US_Port,CMTS_US_Freq,RX_Losses,Remarks
G1,SLM-CMTS-20,Cable0/0/0,G1-1,1,G-1-2,1/1/2001,75,1/2/2023,5765,-,DSL00100,-,CEMPAKA PUTIH A,-,5765,1/2/2023,1,E1-1B,Cable0/0/0,-,35,
G1,SLM-CMTS-20,Cable0/0/0,G1-1,1,G-1-2,1/1/2001,25,1/2/2009,7941,-,DSL00800,-,PISANGAN AREA (2),-,7941,1/2/2009,2,E1-2A,Cable0/0/1,-,30,
G2,SLM-CMTS-20,Cable0/0/1,G1-1,2,G-1-3,1/1/2002,33,1/2/2005,8221,-,DSL01300,DKG355,JOHAR BARU AREA (5),-,8221,1/2/2005,2,E1-2B,Cable0/0/2,-,35,
G2,SLM-CMTS-20,Cable0/0/1,G1-1,2,G-1-3,1/1/2002,33,1/2/2027,6534,-,DSl00200,DKG055,CEMPAKA PUTIH B,-,6534,1/2/2027,3,E1-3A,Cable0/0/3,-,38,
G3,SLM-CMTS-20,Cable0/0/2,G1-1,3,G-1-4,1/1/2003,50,1/2/2029,6508,-,DSL00400,DKG057,CEMPAKA PUTIH A (E),-,6508,1/2/2029,3,E1-3B,Cable0/0/4,-,30,
G3,SLM-CMTS-20,Cable0/0/2,G1-1,3,G-1-4,1/1/2003,50(50),1/7/2023,6268,-,DSL17400,SPLIT DSL101,KUNINGAN AC,-,6268,1/7/2023,1,D4-71B,Cable0/0/5,-,38,
G4,SLM-CMTS-20,Cable0/0/3,G1-1,4,G-1-5,1/1/2004,50,1/2/2011,8093,-,DSL00600,DKG045,KRAMAT JAYA BARU,-,8093,1/2/2011,4,E1-4B,Cable0/0/6,-,38,
G4,SLM-CMTS-20,Cable0/0/3,G1-1,5,G-1-6,DIRECT,100,1/2/2007,15002,-,DSL00700,DKG346,PISANGAN AREA (1),-,15002,1/2/2007,5,E1-5A,Cable0/0/7,-,33,
G5,SLM-CMTS-20,Cable0/0/4,G1-1,6,G-1-7,1/1/2006,25,1/1/1933,11662,-,DSL25300,DKG232,-,-,11662,1/1/1933,2,E3-22B,Cable0/0/8,-,27,
G5,SLM-CMTS-20,Cable0/0/4,G1-1,6,G-1-7,0,0,-,-,-,DSL25400,DKG233,-,-,-,-,-,-,Cable0/0/9,-,-,
G6,SLM-CMTS-20,Cable0/0/5,G1-1,7,G-1-8,1/1/2007,50,1/2/1939,8229,-,DSL02300,DKG175,CEMPAKA PUTIH BARAT AREA (1),-,8229,1/2/1939,6,E1-6B,Cable0/0/10,-,33,
G6,SLM-CMTS-20,Cable0/0/5,G1-1,7,G-1-8,1/1/2007,50(1dB),1/2/2019,7461,-,DSL01900,DKG315,CEMPAKA JAYA ARENA & KOMPLEK PATRA 2,-,7461,1/2/2019,7,E1-7A,Cable0/0/11,-,33,
G7,SLM-CMTS-20,Cable0/0/6,H4-1,80,H-4-9,DIRECT,100,-,-,-,DSL05300,DKG079,SUNTER D (M),-,-,-,-,-,Cable0/0/12,-,-,
G7,SLM-CMTS-20,Cable0/0/6,-,-,-,-,-,0-0-0,0,-,IDLE,-,-,-,0,0-0-0,-,-,Cable0/0/13,-,-,
G8,SLM-CMTS-20,Cable0/0/7,G2-1,9,G-2-2,1/1/2009,50,1/2/2017,7803,-,DSL02000,DKG298,TANAH TINGGI AREA (NARADA DSK),-,7803,1/2/2017,8,E1-8B,Cable0/0/14,-,35,
G8,SLM-CMTS-20,Cable0/0/7,G2-1,9,G-2-2,1/1/2009,50,1/2/1941,7275,-,DSL02200,DKG173,RAWASARI BARAT & TIMUR AREA,-,7275,1/2/1941,1,E2-11B,Cable0/0/15,-,35,
G9,SLM-CMTS-20,Cable1/0/0,G2-1,10,G-2-3,DIRECT,100,1/2/2013,8278,-,DSL01500,DKG207,PERCETAKAN NEGARA AREA (2),-,8278,1/2/2013,2,E2-12A,Cable1/0/0,-,38,
G9,SLM-CMTS-20,Cable1/0/0,G2-1,11,G-2-4,1/1/2011,75,1/2/1951,8654,-,DSL00900,DKG051,JOHAR AREA (A),-,8654,1/2/1951,2,E2-12B,Cable1/0/1,-,35,
G10,SLM-CMTS-20,Cable1/0/1,G2-1,12,G-2-5,1/1/2012,50,1/2/1953,8266,-,DSL01000,DKG052,JOHAR AREA (B),-,8266,1/2/1953,3,E2-13A,Cable1/0/2,-,38,
G10,SLM-CMTS-20,Cable1/0/1,G2-1,12,G-2-5,1/1/2012,50,1/7/1939,4698,-,DSL13900,DCG247,MENTENG B (K),-,4698,1/7/1939,3,E2-13B,Cable1/0/3,-,38,
G11,SLM-CMTS-20,Cable1/0/2,G2-1,13,G-2-6,1/1/2013,50,1/1/1971,4731,-,DSL02600,DKG083,UTAN BARU AREA (1),-,4731,1/1/1971,4,E2-14A,Cable1/0/4,-,38,
G11,SLM-CMTS-20,Cable1/0/2,G2-1,13,G-2-6,1-1-13 & 1-2-13,50 & 25,1/1/1937,7204,-,DSL03000,DKG295,KAYU MANIS AREA (3),-,7204,1/1/1937,5,E2-15A,Cable1/0/5,-,38,
G12,SLM-CMTS-20,Cable1/0/3,G2-1,15,G-2-8,1/1/2015,50,1/1/1969,5730,-,DSL02800,DKG293,KAYU MANIS AREA (1),-,5730,1/1/1969,6,E2-16A,Cable1/0/6,-,33,
G12,SLM-CMTS-20,Cable1/0/3,G2-1,15,G-2-8,1/1/2015,50,1/1/2009,6564,-,DSL03200,DKG323,KAMPUNG RAWA AREA,-,6564,1/1/2009,7,E2-17A,Cable1/0/7,-,38,
G13,SLM-CMTS-20,Cable1/0/4,G2-1,16,G-2-9,1/1/2016,50,1/2/1957,4712,-,DSL02700,DKG084,UTAN KAYU AREA (2) & KOMPLEK BALAI KOTA,-,4712,1/2/1957,4,E2-14B,Cable1/0/8,-,38,
G13,SLM-CMTS-20,Cable1/0/4,G2-1,16,G-2-9,1/1/2016,50(50),1/2/1965,8111,-,DSL03400,NRO,UTAN KAYU SELATAN AREA (1),-,8111,1/2/1965,7,E2-17B,Cable1/0/9,-,27,
G14,SLM-CMTS-20,Cable1/0/5,G3-1,17,G-3-2,1/2/2017,50,1/6/1933,7225,-,DSL18100,SPLIT DSL029,KAYU MANIS AREA (2.1),-,7225,1/6/1933,7,E4-37A,Cable1/0/10,-,38,
G14,SLM-CMTS-20,Cable1/0/5,-,-,-,-,-,-,-,-,-,-,KOMPLEK KEHAKIMAN UTAN KAYU,-,-,-,-,-,Cable1/0/11,-,-,
G15,SLM-CMTS-20,Cable1/0/6,G3-1,18,G-3-3,1/2/2018,50,-,-,-,DSL05200,DKG078,SUNTER D (L),-,-,-,6,E3-26A,Cable1/0/12,-,37,
G15,SLM-CMTS-20,Cable1/0/6,-,-,-,-,-,0-0-0,0,-,IDLE,-,-,-,0,0-0-0,-,-,Cable1/0/13,-,-,
G16,SLM-CMTS-20,Cable1/0/7,G3-1,19,G-3-4,1/2/2019,50,-,-,-,DSL04100,DKG067,SUNTER A,-,-,-,-,-,Cable1/0/14,-,-,
G16,SLM-CMTS-20,Cable1/0/7,G3-1,19,G-3-4,1/2/2019,50,1/1/1953,14035,-,DSL03900,NRO,GRAHA CEMPAKA MAS APARTMENT (2),-,14035,1/1/1953,8,E4-38A,Cable1/0/15,-,38,
G17,SLM-CMTS-20,Cable2/0/0,G3-1,20,G-3-5,DIRECT,100,-,-,-,DSL07600,DKG327,SUNTER PARADISE (3),-,-,-,-,-,Cable2/0/0,-,-,
G17,SLM-CMTS-20,Cable2/0/0,-,-,-,-,-,0-0-0,0,-,IDLE,-,-,-,0,0-0-0,-,-,Cable2/0/1,-,-,
G18,SLM-CMTS-20,Cable2/0/1,G3-1,22,G-3-7,DIRECT,100,1/1/2001,16104,-,DSL05500,DKG197,SUNTER O,-,16104,1/1/2001,1,E4-31A,Cable2/0/2,-,35,
G18,SLM-CMTS-20,Cable2/0/1,G3-1,23,G-3-8,1/2/2023,75,-,-,-,DSL05600,DKG198,SUNTER P,-,-,-,-,-,Cable2/0/3,-,-,
G19,SLM-CMTS-20,Cable2/0/2,G3-1,24,G-3-9,1/2/2024,50,1/1/2007,15998,-,DSL25900,DKG166,-,-,15998,1/1/2007,2,E4-32B,Cable2/0/4,-,35,
G19,SLM-CMTS-20,Cable2/0/2,G3-1,24,G-3-9,1/2/2024,50,1/1/1961,10691,-,DSL03600,NRO,PURI KEMAYORAN APT,-,10691,1/1/1961,4,E4-34B,Cable2/0/5,-,38,
G20,SLM-CMTS-20,Cable2/0/3,-,-,-,-,-,0-0-0,0,-,IDLE,-,-,-,0,0-0-0,-,-,Cable2/0/6,-,-,
G20,SLM-CMTS-20,Cable2/0/3,-,-,-,-,-,-,-,-,DSL00001,-,HUB SALEMBA,-,-,-,1,E1-1A,Cable2/0/7,-,38,
G21,SLM-CMTS-20,Cable2/0/4,G4-1,32,G-4-9,DIRECT,100,1/1/2017,11820,-,DSL25700,DKG284,-,-,11820,1/1/2017,3,E3-23A,Cable2/0/8,-,38,
G21,SLM-CMTS-20,Cable2/0/4,G4-1,27,G-4-4,DIRECT,100,1/1/2019,11813,-,DSL25600,DKG283,-,-,11813,1/1/2019,2,E3-22A,Cable2/0/9,-,35,
G22,SLM-CMTS-20,Cable2/0/5,-,-,-,-,-,0-0-0,0,-,IDLE,-,-,-,0,0-0-0,-,-,Cable2/0/10,-,-,
G22,SLM-CMTS-20,Cable2/0/5,G4-1,28,G-4-5,1/2/2028,50,2/13/2009,3676,-,DSL14200,DKG617,KOMPLEK & ASRAMA DONYONZIKON (2),-,3676,2/13/2009,3,E3-23B,Cable2/0/11,-,38,
G23,SLM-CMTS-20,Cable2/0/6,-,-,-,-,-,0-0-0,0,-,IDLE,-,-,-,0,0-0-0,-,-,Cable2/0/12,-,-,
G23,SLM-CMTS-20,Cable2/0/6,G4-1,29,G-4-6,1/2/2029,50,-,-,-,DSL06100,DKG015,SUNTER MEDITERANIA,-,-,-,8,E3-28B,Cable2/0/13,-,30,
G24,SLM-CMTS-20,Cable2/0/7,G4-1,30,G-4-7,1/2/1930,50,1/2/1967,10958,-,DSL03300,DKG173,UTAN KAYU AREA (3),-,10958,1/2/1967,8,E2-18A,Cable2/0/14,-,37,
G24,SLM-CMTS-20,Cable2/0/7,G4-1,30,G-4-7,1/2/1930,50,1/2/1949,10973,-,DSL02900,DKG294,KAYU MANIS AREA (2),-,10973,1/2/1949,5,E2-15B,Cable2/0/15,-,38,
G25,SLM-CMTS-20,Cable3/0/0,H1-1,49,H-1-2,H-3-49,50,2/14/2009,5525,-,DSL15600,DCG369,MANGGARAI SELATAN AREA (1),-,5525,2/14/2009,4,D3-64A,Cable3/0/0,-,35,
G25,SLM-CMTS-20,Cable3/0/0,H1-1,49,H-1-2,H-3-49,50,-,-,-,DSL04300,DKG069,SUNTER C,-,-,-,1,E3-21B,Cable3/0/1,-,38,
G26,SLM-CMTS-20,Cable3/0/1,H1-1,50,H-1-3,H-3-50,50,1/1/1935,12303,-,DSL25500,DKG235,-,-,12303,1/1/1935,7,E3-27A,Cable3/0/2,-,35,
G26,SLM-CMTS-20,Cable3/0/1,H1-1,50,H-1-3,H-3-50,50,1/2/1969,5534,-,DSL08400,SPLIT DSL001,CEMPAKA PUTIH A (G),-,5534,1/2/1969,5,E4-35A,Cable3/0/3,-,38,
G27,SLM-CMTS-20,Cable3/0/2,H1-1,51,H-1-4,H-3-51,75,-,-,-,DSL08500,SPLIT DSL001,SUNTER T,-,-,-,-,-,Cable3/0/4,-,-,
G27,SLM-CMTS-20,Cable3/0/2,H1-1,52,H-1-5,H-3-52,50,1/4/1953,8194,-,DSL09100,SPLIT DCG209,MENTENG L (Y),-,8194,1/4/1953,6,E4-36B,Cable3/0/5,-,37,
G28,SLM-CMTS-20,Cable3/0/3,H1-1,53,H-1-6,H-3-53,50,1/4/1957,9033,-,DSL09600,SPLIT DCG216,MENTENG H (W),-,9033,1/4/1957,7,E4-37B,Cable3/0/6,-,30,
G28,SLM-CMTS-20,Cable3/0/3,H1-1,53,H-1-6,H-3-53,50,1/2/1943,6026,-,DSL02100,DKG018,CEMPAKA PUTIH,-,6026,1/2/1943,1,E2-11A,Cable3/0/7,-,27,
G29,SLM-CMTS-20,Cable3/0/4,H2-1,60,H-2-5,H-3-60,50,-,-,-,DSL06200,DKG154,GRAHA SUNTER PRATAMA,-,-,-,8,E3-28A,Cable3/0/8,-,38,
G29,SLM-CMTS-20,Cable3/0/4,H2-1,59,H-2-4,H-3-59,50(1db),1/2/1937,6608,-,DSL02400,DKG176,CEMPAKA PUTIH BARAT AREA (2),-,6608,1/2/1937,6,E3-26B,Cable3/0/9,-,38,
G30,SLM-CMTS-20,Cable3/0/5,H1-1,55,H-1-8,DIRECT,100,1/1/1954,14044,-,DSL03800,NRO,GRAHA CEMPAKA MAS APARTMENT (1),-,14044,1/1/1954,8,E4-38B,Cable3/0/10,-,35,
G30,SLM-CMTS-20,Cable3/0/5,H1-1,56,H-1-9,H-3-56,50,1/2/1933,7847,-,DSL03100,DKG322,GALUR AREA,-,7847,1/2/1933,6,E2-16B,Cable3/0/11,-,35,
G31,SLM-CMTS-20,Cable3/0/6,H2-1,57,H-2-2,H-3-57,50(1db),1/2/2015,9423,-,DSL01100,DKG297,JOHAR BARU AREA (3) (KRAMAT JAYA BARU),-,9423,1/2/2015,8,E1-8A,Cable3/0/12,-,27,
G31,SLM-CMTS-20,Cable3/0/6,-,-,-,-,-,0-0-0,0,-,IDLE,-,-,-,0,0-0-0,-,-,Cable3/0/13,-,-,
G32,SLM-CMTS-20,Cable3/0/7,H2-1,58,H-2-3,H-3-58,50,1/4/1949,6839,-,DSL09000,SPLIT DCG209,MENTENG L (X),-,6839,1/4/1949,6,E4-36A,Cable3/0/14,-,38,
G32,SLM-CMTS-20,Cable3/0/7,H2-1,58,H-2-3,H-3-58,50(1db),1/2/1931,6217,-,DSL00300,DKG056,CEMPAKA PUTIH A (D),-,6217,1/2/1931,5,E1-5B,Cable3/0/15,-,38,
G33,SLM-CMTS-20,Cable6/0/0,-,-,-,-,-,1/6/2007,10387,-,DSL20500,-,SUNTER A (H),-,10387,1/6/2007,1,D1-41A,Cable6/0/0,-,30,
G33,SLM-CMTS-20,Cable6/0/0,H1-1,54,H-1-7,H-3-54,50,1/4/2013,6109,-,DSL10300,SPLIT DCG210,MENTENG M (AA),-,6109,1/4/2013,2,D1-42A,Cable6/0/1,-,38,
G34,SLM-CMTS-20,Cable6/0/1,-,-,-,-,-,-,-,-,DSL22900,DSL138,-,-,0,0-0-0,-,-,Cable6/0/2,-,-,
G34,SLM-CMTS-20,Cable6/0/1,G4-1,31,G-4-8,1/2/1931,50,1/3/1956,6382,-,DSL10100,DCG051,KUNINGAN A (N),-,6382,1/3/1956,10,D3-70A,Cable6/0/3,-,38,
G35,SLM-CMTS-20,Cable6/0/2,H2-1,62,H-2-7,H-3-62,50,-,-,-,DSL10500,NRO,APARTMENT SUNTER ICON (2),-,-,-,-,-,Cable6/0/4,-,-,
G35,SLM-CMTS-20,Cable6/0/2,H2-1,61,H-2-6,H-3-61,50,-,-,-,DSL10400,NRO,APARTMENT SUNTER ICON (1),-,-,-,3,D1-43A,Cable6/0/5,-,30,
G36,SLM-CMTS-20,Cable6/0/3,H2-1,63,H-2-8,H-3-63,50(1db),1/3/2027,5564,-,DSL11200,DCG215,MENTENG D,-,5564,1/3/2027,-,-,Cable6/0/6,-,-,
G36,SLM-CMTS-20,Cable6/0/3,-,-,-,-,-,0-0-0,0,-,IDLE,-,-,-,0,0-0-0,-,-,Cable6/0/7,-,-,
G37,SLM-CMTS-20,Cable6/0/4,G5-1,33,G-5-2,H-2-33,50,1/2/2025,7271,-,DSL00500,DKG058,CEMPAKA PUTIH B (F),-,7271,1/2/2025,4,E1-4A,Cable6/0/8,-,27,
G37,SLM-CMTS-20,Cable6/0/4,G5-1,33,G-5-2,H-2-33,50,1/4/1959,6643,-,DSL17500,SPLIT DSL101,KUNINGAN AD,-,6643,1/4/1959,1,D4-71A,Cable6/0/9,-,38,
G38,SLM-CMTS-20,Cable6/0/5,G5-1,34,G-5-3,H-2-34,50,1/5/2021,7568,-,DSL11500,NRO,GRAND PALACE APARTMENT (2),-,7568,1/5/2021,5,D1-45A,Cable6/0/10,-,35,
G38,SLM-CMTS-20,Cable6/0/5,G5-1,34,G-5-3,H-2-34,50,1/5/2019,7662,-,DSL11400,NRO,GRAND PALACE APARTMENT (1),-,7662,1/5/2019,5,D1-45B,Cable6/0/11,-,38,
G39,SLM-CMTS-20,Cable6/0/6,G5-1,35,G-5-4,H-2-35,50,1/5/2024,7878,-,DSL11700,NRO,GRAND PALACE APARTMENT (3),-,7878,1/5/2024,4,D1-44B,Cable6/0/12,-,38,
G39,SLM-CMTS-20,Cable6/0/6,G5-1,35,G-5-4,H-2-35,50,2/11/2006,5750,-,DSL16800,DCG371,PASAR MANGGIS AREA (MENTENG DALAM DSK),-,5750,2/11/2006,10,D3-70B,Cable6/0/13,-,38,
G40,SLM-CMTS-20,Cable6/0/7,G5-1,36,G-5-5,H-2-36,50,1/5/2017,6484,-,DSL04000,NRO,TANAH TINGGI AREA,-,6484,1/5/2017,6,D1-46A,Cable6/0/14,-,33,
G40,SLM-CMTS-20,Cable6/0/7,-,-,-,-,-,-,-,-,DSL20600,-,SUNTER N (AI),-,-,-,-,-,Cable6/0/15,-,-,
G41,SLM-CMTS-20,Cable7/0/0,-,-,-,-,-,1/5/2015,10718,-,DSL19700,-,SUNTER F (Z),-,10718,1/5/2015,7,D1-47A,Cable7/0/0,-,38,
G41,SLM-CMTS-20,Cable7/0/0,-,-,-,-,-,1/5/2013,10921,-,DSL19800 (Rehoming),-,SUNTER F (AA),-,10921,1/5/2013,7,D1-47B,Cable7/0/1,-,38,
G42,SLM-CMTS-20,Cable7/0/1,G5-1,38,G-5-7,H-2-38,50,1/4/1955,8576,-,DSL12200,DCG208,MENTENG C,-,8576,1/4/1955,8,D1-48B,Cable7/0/2,-,38,
G42,SLM-CMTS-20,Cable7/0/1,G1-1,2,G-1-3,1/1/2002,33,1/3/2008,3074,-,DSL17900,SPLIT DSL125,"JL.KRAMAT 5,6,7 (2)",-,3074,1/3/2008,8,D1-72A,Cable7/0/3,-,38,
G43,SLM-CMTS-20,Cable7/0/2,G5-1,39,G-5-8,H-2-39,50,1/3/2029,7451,-,DSL12300,DCG209,MENTENG C (L),-,7451,1/3/2029,9,D1-49A,Cable7/0/4,-,35,
G43,SLM-CMTS-20,Cable7/0/2,G5-1,39,G-5-8,H-2-39,50,1/3/2001,7247,-,DSL12400,DCG216,MENTENG D (H),-,7247,1/3/2001,9,D1-49B,Cable7/0/5,-,33,
G44,SLM-CMTS-20,Cable7/0/3,G5-1,40,G-5-9,H-2-40,50,1/4/2023,2018,-,DSL12500,DCG323,"JL.KRAMAT 5-7,JL.RADEN SALEH & JL.KENARI",-,2018,1/4/2023,10,D1-50A,Cable7/0/6,-,38,
G44,SLM-CMTS-20,Cable7/0/3,G5-1,40,G-5-9,H-2-40,50,1/7/2003,3373,-,DSL12600,DCG069,KWITANG AREA,-,3373,1/7/2003,10,D1-50B,Cable7/0/7,-,36,
G45,SLM-CMTS-20,Cable7/0/4,G6-1,41,G-6-2,H-2-41,50,1/3/1949,4506,-,DSL12700,DCG514,KWITANG AREA (2),-,4506,1/3/1949,1,D2-51A,Cable7/0/8,-,33,
G45,SLM-CMTS-20,Cable7/0/4,G6-1,41,G-6-2,H-2-41,50,2/13/2019,2469,-,DSL12800,DCG227,SALEMBA AREA & TAMBAK AREA,-,2469,2/13/2019,1,D2-51B,Cable7/0/9,-,38,
G46,SLM-CMTS-20,Cable7/0/5,G6-1,42,G-6-3,H-2-42,50,2/13/2021,1329,-,DSL12900,DCG228,SALEMBA AREA,-,1329,2/13/2021,2,D2-52A,Cable7/0/10,-,27,
G46,SLM-CMTS-20,Cable7/0/5,G6-1,42,G-6-3,H-2-42,50,2/4/2001,2388,-,DSL13000,DCG324,JL.KRAMAT SENTIONG & JL.KRAMAT LONTAR,-,2388,2/4/2001,2,D2-52B,Cable7/0/11,-,35,
G47,SLM-CMTS-20,Cable7/0/6,G6-1,43,G-6-4,H-2-43,50,1/7/2011,2796,-,DSL13100,DCG325,JL.KRAMAT BARU,-,2796,1/7/2011,3,D2-53A,Cable7/0/12,-,38,
G47,SLM-CMTS-20,Cable7/0/6,G6-1,43,G-6-4,H-2-43,50,1/7/2001,3064,-,DSL13200,DCG368,CIKINI AREA,-,3064,1/7/2001,3,D2-53B,Cable7/0/13,-,38,
G48,SLM-CMTS-20,Cable7/0/7,-,-,-,-,-,0-0-0,0,-,IDLE,-,-,-,0,0-0-0,-,-,Cable7/0/14,-,-,
G48,SLM-CMTS-20,Cable7/0/7,-,-,-,-,-,0-0-0,0,-,IDLE,-,-,-,0,0-0-0,-,-,Cable7/0/15,-,-,
G49,SLM-CMTS-20,Cable8/0/0,-,-,-,-,-,0-0-0,0,-,IDLE,-,-,-,0,0-0-0,-,-,Cable8/0/0,-,-,
G49,SLM-CMTS-20,Cable8/0/0,-,-,-,-,-,0-0-0,0,-,IDLE,-,-,-,0,0-0-0,-,-,Cable8/0/1,-,-,
G50,SLM-CMTS-20,Cable8/0/1,G6-1,82,G-6-10,H-1-81,50,-,-,-,DSL18500,SPLIT DSL062,GRAHA SUNTER PRATAMA (2),-,-,-,3,D4-73B,Cable8/0/2,-,38,
G50,SLM-CMTS-20,Cable8/0/1,G6-1,47,G-6-8,H-2-47,50,1/2/1955,8751,-,DSL01400,DKG143,PERCETAKAN NEGARA AREA (1),-,8751,1/2/1955,-,-,Cable8/0/3,-,-,
G51,SLM-CMTS-20,Cable8/0/2,G6-1,48,G-6-9,H-2-48,50,2/13/2001,5004,-,DSL14300,DCG569,PALMERIAM AREA (1),-,5004,2/13/2001,6,D2-56B,Cable8/0/4,-,38,
G51,SLM-CMTS-20,Cable8/0/2,G6-1,48,G-6-9,H-2-48,50,2/13/2003,4572,-,DSL14400,DCG570,PALMERIAM AREA (2),-,4572,2/13/2003,6,D2-56A,Cable8/0/5,-,35,
G52,SLM-CMTS-20,Cable8/0/3,H3-1,65,H-3-2,H-4-65,33,2/13/2011,3158,-,DSL14000,DCG377,PEGANGSAAN AREA (JL.MATRAMAN DALAM),-,3158,2/13/2011,7,D2-57A,Cable8/0/6,-,33,
G52,SLM-CMTS-20,Cable8/0/3,H3-1,65,H-3-2,H-4-65,33,2/13/2007,4387,-,DSL14100,DCG616,KOMPLEK & ASRAMA DONYONZIKON (1),-,4387,2/13/2007,7,D2-57B,Cable8/0/7,-,38,
G53,SLM-CMTS-20,Cable8/0/4,-,-,-,-,-,1/2/2021,3766,-,DSL01800,DKG217,-,-,3766,1/2/2021,8,D2-58A,Cable8/0/8,-,35,
G53,SLM-CMTS-20,Cable8/0/4,H3-1,66,H-3-3,H-4-66,33,2/13/2005,4179,-,DSL14500,DCG571,PALMERIAM AREA (3),-,4179,2/13/2005,8,D2-58B,Cable8/0/9,-,38,
G54,SLM-CMTS-20,Cable8/0/5,H3-1,67,H-3-4,H-4-67,33,-,-,-,DSL14600,DCG390,BUKIT DURI TANJAKAN,-,-,-,10,D2-60B,Cable8/0/10,-,33,
G54,SLM-CMTS-20,Cable8/0/5,H3-1,67,H-3-4,H-4-67,33,2/12/2019,7473,-,DSL14700,DCG644,KAMPUNG MELAYU KECIL AREA,-,7473,2/12/2019,9,D2-59B,Cable8/0/11,-,33,
G55,SLM-CMTS-20,Cable8/0/6,H3-1,69,H-3-6,H-4-69,33,2/12/2015,8266,-,DSL14800,DCG550,RAWA BUNGA AREA,-,8266,2/12/2015,10,D2-60A,Cable8/0/12,-,38,
G55,SLM-CMTS-20,Cable8/0/6,H3-1,69,H-3-6,H-4-69,33,-,-,-,DSL14900,DCG213,JATINEGARA BARAT AREA,-,-,-,9,D2-59A,Cable8/0/13,-,33,
G56,SLM-CMTS-20,Cable8/0/7,H3-1,68,H-3-5,H-4-68,33,2/12/2023,5045,-,DSL15000,DCG653,BUKIT DURI AREA (4) & KOMPLEK BUKIT DURI PERMAI,-,5045,2/12/2023,1,D3-61A,Cable8/0/14,-,33,
G56,SLM-CMTS-20,Cable8/0/7,H3-1,68,H-3-5,H-4-68,33,2/12/2013,7965,-,DSL15100,DCG640,BUKIT DURI TANJAKAN AREA (2),-,7965,2/12/2013,1,D3-61B,Cable8/0/15,-,38,
G57,SLM-CMTS-20,Cable9/0/0,H4-1,73,H-4-2,H-4-73,50,2/14/2021,10462,-,DSL15200,DCG313,SUBUR AREA,-,10462,2/14/2021,2,D3-62A,Cable9/0/0,-,35,
G57,SLM-CMTS-20,Cable9/0/0,H4-1,73,H-4-2,H-4-73,50,-,-,-,DSL15300,DCG316,APT PURI CASABLANCA TOWER C-D,-,-,-,2,D3-62B,Cable9/0/1,-,38,
G58,SLM-CMTS-20,Cable9/0/1,H4-1,74,H-4-3,H-4-74,50,2/12/2003,7598,-,DSL15500,DCG241,CASABLANCA MANSION,-,7598,2/12/2003,3,D3-63B,Cable9/0/2,-,37,
G58,SLM-CMTS-20,Cable9/0/1,H4-1,74,H-4-3,H-4-74,50,2/12/2005,7117,-,DSL15400,DCG244,CASABLANCA APARTEMENT,-,7117,2/12/2005,3,D3-63A,Cable9/0/3,-,35,
G59,SLM-CMTS-20,Cable9/0/2,H3-1,70,H-3-7,H-4-70,50,-,-,-,DSL05100,DKG077,SUNTER C (K),-,-,-,5,E3-25B,Cable9/0/4,-,38,
G59,SLM-CMTS-20,Cable9/0/2,H3-1,70,H-3-7,H-4-70,50(2db),2/14/2013,6197,-,DSL15900,DCG555,MANGGARAI SELATAN AREA (4),-,6197,2/14/2013,4,D3-64B,Cable9/0/5,-,33,
G60,SLM-CMTS-20,Cable9/0/3,H3-1,71,H-3-8,H-4-71,50,2/14/2011,5962,-,DSL16000,DCG561,MANGGARAI SELATAN AREA (5),-,5962,2/14/2011,5,D3-65A,Cable9/0/6,-,35,
G60,SLM-CMTS-20,Cable9/0/3,H3-1,71,H-3-8,H-4-71,50,2/14/2017,6980,-,DSL16100,DCG495,BUKIT DURI AREA (CUCAK RAWA),-,6980,2/14/2017,5,D3-65B,Cable9/0/7,-,38,
G61,SLM-CMTS-20,Cable9/0/4,H3-1,72,H-3-9,H-4-72,50,2/14/2015,7473,-,DSL16200,DCG565,BUKIT DURI AREA (2),-,7473,2/14/2015,6,D3-66A,Cable9/0/8,-,38,
G61,SLM-CMTS-20,Cable9/0/4,H3-1,72,H-3-9,H-4-72,50,2/14/2019,7654,-,DSL16300,DCG568,BUKIT DURI AREA (3),-,7654,2/14/2019,6,D3-66B,Cable9/0/9,-,35,
G62,SLM-CMTS-20,Cable9/0/5,H4-1,75,H-4-4,H-4-75,50,2/12/2002,6914,-,DSL16400,DCG242,APT PURI CASABLANCA TOWER A-B,-,6914,2/12/2002,7,D3-67A,Cable9/0/10,-,35,
G62,SLM-CMTS-20,Cable9/0/5,H4-1,75,H-4-4,H-4-75,50,2/11/2009,4523,-,DSL16500,DCG259,PASAR MANGGIS AREA,-,4523,2/11/2009,7,D3-67B,Cable9/0/11,-,38,
G63,SLM-CMTS-20,Cable9/0/6,H4-1,76,H-4-5,H-4-76,50,2/12/2007,6374,-,DSL16600,DCG322,MENTENG ATAS AREA,-,6374,2/12/2007,8,D3-68A,Cable9/0/12,-,38,
G63,SLM-CMTS-20,Cable9/0/6,H4-1,76,H-4-5,H-4-76,50,1/3/1969,6619,-,DSL16700,DCG315,KUNINGAN W,-,6619,1/3/1969,8,D3-68B,Cable9/0/13,-,38,
G64,SLM-CMTS-20,Cable9/0/7,H4-1,77,H-4-6,H-4-77,50,2/12/2009,5641,-,DSL15700,DCG551,MANGGARAI SELATAN AREA (2),-,5641,2/12/2009,9,D3-69A,Cable9/0/14,-,38,
G64,SLM-CMTS-20,Cable9/0/7,H4-1,77,H-4-6,H-4-77,50,2/12/2011,6420,-,DSL15800,DCG552,MANGGARAI SELATAN AREA (3),-,6420,2/12/2011,9,D3-69B,Cable9/0/15,-,38,
G65,SLM-CMTS-21,Cable0/0/0,N1-1,85,N-1-2,2/2/1985,50,1/7/1941,10416,-,DSL13800,DCG210,MENTENG C (M),-,10416,1/7/1941,1,A1-76A,Cable0/0/0,-,-,
G65,SLM-CMTS-21,Cable0/0/0,N1-1,85,N-1-2,2/2/1985,50/50,2/1/2013,1835,-,DSL08000,NRO,SALEMBA RESIDENCE APT (1),-,1835,2/1/2013,1,A1-76B,Cable0/0/1,-,38,
G66,SLM-CMTS-21,Cable0/0/1,G5-1,84,G-5-10,H-1-83,33,2/1/2015,1835,-,DSL08100,NRO,SALEMBA RESIDENCE APT ( 2 ),-,1835,2/1/2015,2,A1-77A,Cable0/0/2,-,38,
G66,SLM-CMTS-21,Cable0/0/1,-,-,-,-,-,0-0-0,0,-,IDLE,-,-,-,0,0-0-0,-,-,Cable0/0/3,-,38,
G67,SLM-CMTS-21,Cable0/0/2,N1-2,87,N-0-4,2/2/1987,50,-,-,-,DSL18200,SPLIT DSL047,SUNTER B (G) (2),-,-,-,-,-,Cable0/0/4,-,-,
G67,SLM-CMTS-21,Cable0/0/2,N1-1,87,N-1-4,2/2/1987,50,-,-,-,DSL18300,SPLIT DSL056,SUNTER P (W),-,-,-,-,-,Cable0/0/5,-,-,
G68,SLM-CMTS-21,Cable0/0/3,-,-,-,-,-,0-0-0,0,-,IDLE,-,-,-,0,0-0-0,-,-,Cable0/0/6,-,-,
G68,SLM-CMTS-21,Cable0/0/3,-,-,-,-,-,0-0-0,0,-,IDLE,-,-,-,0,0-0-0,-,-,Cable0/0/7,-,-,
G69,SLM-CMTS-21,Cable0/0/4,-,-,-,-,-,-,-,-,ASL20900,-,MENTENG C (T),-,-,-,-,-,Cable0/0/8,-,-,
G69,SLM-CMTS-21,Cable0/0/4,-,-,-,-,-,-,-,-,ASL21100,-,WISMA BANK MANDIRI,-,-,-,-,-,Cable0/0/9,-,-,
G70,SLM-CMTS-21,Cable0/0/5,-,-,-,-,-,2/5/2007,7921,-,DSL21800,-,MENTENG L (AF),-,7921,2/5/2007,6,A1-81A,Cable0/0/10,-,-,
G70,SLM-CMTS-21,Cable0/0/5,-,-,-,-,-,0-0-0,0,-,IDLE,-,-,-,0,0-0-0,-,-,Cable0/0/11,-,38,
G71,SLM-CMTS-21,Cable0/0/6,-,-,-,-,-,1/4/2011,7866,-,DSL22100,SPLIT DSL124,Menteng H (AG),-,7866,1/4/2011,7,A1-82A,Cable0/0/12,-,-,
G71,SLM-CMTS-21,Cable0/0/6,-,-,-,-,-,1/3/1931,6530,-,DSL22200,SPLIT DSL124,Menteng H (AH),-,6530,1/3/1931,7,A1-82B,Cable0/0/13,-,38,
G72,SLM-CMTS-21,Cable0/0/7,-,-,-,-,-,0-0-0,0,-,IDLE,-,-,-,0,0-0-0,-,-,Cable0/0/14,-,38,
G72,SLM-CMTS-21,Cable0/0/7,-,-,-,-,-,0-0-0,0,-,IDLE,-,-,-,0,0-0-0,-,-,Cable0/0/15,-,-,
G73,SLM-CMTS-21,Cable1/0/0,-,-,-,-,-,0-0-0,0,-,IDLE,-,-,-,0,0-0-0,-,-,Cable1/0/0,-,-,
G73,SLM-CMTS-21,Cable1/0/0,-,-,-,-,-,0-0-0,0,-,IDLE,-,-,-,0,0-0-0,-,-,Cable1/0/1,-,-,
G74,SLM-CMTS-21,Cable1/0/1,-,-,-,-,-,0-0-0,0,-,IDLE,-,-,-,0,0-0-0,-,-,Cable1/0/2,-,-,
G74,SLM-CMTS-21,Cable1/0/1,-,-,-,-,-,0-0-0,0,-,IDLE,-,-,-,0,0-0-0,-,-,Cable1/0/3,-,-,
G75,SLM-CMTS-21,Cable1/0/2,-,-,-,-,-,0-0-0,0,-,IDLE,-,-,-,0,0-0-0,-,-,Cable1/0/4,-,-,
G75,SLM-CMTS-21,Cable1/0/2,-,-,-,-,-,0-0-0,0,-,IDLE,-,-,-,0,0-0-0,-,-,Cable1/0/5,-,-,
G76,SLM-CMTS-21,Cable1/0/3,-,-,-,-,-,0-0-0,0,-,IDLE,-,-,-,0,0-0-0,-,-,Cable1/0/6,-,-,
G76,SLM-CMTS-21,Cable1/0/3,-,-,-,-,-,0-0-0,0,-,IDLE,-,-,-,0,0-0-0,-,-,Cable1/0/7,-,-,
G77,SLM-CMTS-21,Cable1/0/4,-,-,-,-,-,0-0-0,0,-,IDLE,-,-,-,0,0-0-0,-,-,Cable1/0/8,-,-,
G77,SLM-CMTS-21,Cable1/0/4,-,-,-,-,-,0-0-0,0,-,IDLE,-,-,-,0,0-0-0,-,-,Cable1/0/9,-,-,
G78,SLM-CMTS-21,Cable1/0/5,-,-,-,-,-,0-0-0,0,-,IDLE,-,-,-,0,0-0-0,-,-,Cable1/0/10,-,-,
G78,SLM-CMTS-21,Cable1/0/5,-,-,-,-,-,0-0-0,0,-,IDLE,-,-,-,0,0-0-0,-,-,Cable1/0/11,-,-,
G79,SLM-CMTS-21,Cable1/0/6,-,-,-,-,-,0-0-0,0,-,IDLE,-,-,-,0,0-0-0,-,-,Cable1/0/12,-,-,
G79,SLM-CMTS-21,Cable1/0/6,-,-,-,-,-,0-0-0,0,-,IDLE,-,-,-,0,0-0-0,-,-,Cable1/0/13,-,-,
G80,SLM-CMTS-21,Cable1/0/7,-,-,-,-,-,0-0-0,0,-,IDLE,-,-,-,0,0-0-0,-,-,Cable1/0/14,-,-,
G80,SLM-CMTS-21,Cable1/0/7,-,-,-,-,-,0-0-0,0,-,IDLE,-,-,-,0,0-0-0,-,-,Cable1/0/15,-,-,
G81,SLM-CMTS-21,Cable2/0/0,-,-,-,-,-,0-0-0,0,-,IDLE,-,-,-,0,0-0-0,-,-,Cable2/0/0,-,-,
G81,SLM-CMTS-21,Cable2/0/0,-,-,-,-,-,0-0-0,0,-,IDLE,-,-,-,0,0-0-0,-,-,Cable2/0/1,-,-,
G82,SLM-CMTS-21,Cable2/0/1,-,-,-,-,-,0-0-0,0,-,IDLE,-,-,-,0,0-0-0,-,-,Cable2/0/2,-,-,
G82,SLM-CMTS-21,Cable2/0/1,-,-,-,-,-,0-0-0,0,-,IDLE,-,-,-,0,0-0-0,-,-,Cable2/0/3,-,-,
G83,SLM-CMTS-21,Cable2/0/2,-,-,-,-,-,0-0-0,0,-,IDLE,-,-,-,0,0-0-0,-,-,Cable2/0/4,-,-,
G83,SLM-CMTS-21,Cable2/0/2,-,-,-,-,-,0-0-0,0,-,IDLE,-,-,-,0,0-0-0,-,-,Cable2/0/5,-,-,
G84,SLM-CMTS-21,Cable2/0/3,-,-,-,-,-,0-0-0,0,-,IDLE,-,-,-,0,0-0-0,-,-,Cable2/0/6,-,-,
G84,SLM-CMTS-21,Cable2/0/3,-,-,-,-,-,0-0-0,0,-,IDLE,-,-,-,0,0-0-0,-,-,Cable2/0/7,-,-,
G85,SLM-CMTS-21,Cable2/0/4,-,-,-,-,-,0-0-0,0,-,IDLE,-,-,-,0,0-0-0,-,-,Cable2/0/8,-,-,
G85,SLM-CMTS-21,Cable2/0/4,-,-,-,-,-,0-0-0,0,-,IDLE,-,-,-,0,0-0-0,-,-,Cable2/0/9,-,-,
G86,SLM-CMTS-21,Cable2/0/5,-,-,-,-,-,0-0-0,0,-,IDLE,-,-,-,0,0-0-0,-,-,Cable2/0/10,-,-,
G86,SLM-CMTS-21,Cable2/0/5,-,-,-,-,-,0-0-0,0,-,IDLE,-,-,-,0,0-0-0,-,-,Cable2/0/11,-,-,
G87,SLM-CMTS-21,Cable2/0/6,-,-,-,-,-,0-0-0,0,-,IDLE,-,-,-,0,0-0-0,-,-,Cable2/0/12,-,-,
G87,SLM-CMTS-21,Cable2/0/6,-,-,-,-,-,0-0-0,0,-,IDLE,-,-,-,0,0-0-0,-,-,Cable2/0/13,-,-,
G88,SLM-CMTS-21,Cable2/0/7,-,-,-,-,-,0-0-0,0,-,IDLE,-,-,-,0,0-0-0,-,-,Cable2/0/14,-,-,
G88,SLM-CMTS-21,Cable2/0/7,-,-,-,-,-,0-0-0,0,-,IDLE,-,-,-,0,0-0-0,-,-,Cable2/0/15,-,-,
G89,SLM-CMTS-21,Cable3/0/0,-,-,-,-,-,0-0-0,0,-,IDLE,-,-,-,0,0-0-0,-,-,Cable3/0/0,-,-,
G89,SLM-CMTS-21,Cable3/0/0,-,-,-,-,-,0-0-0,0,-,IDLE,-,-,-,0,0-0-0,-,-,Cable3/0/1,-,-,
G90,SLM-CMTS-21,Cable3/0/1,-,-,-,-,-,0-0-0,0,-,IDLE,-,-,-,0,0-0-0,-,-,Cable3/0/2,-,-,
G90,SLM-CMTS-21,Cable3/0/1,-,-,-,-,-,0-0-0,0,-,IDLE,-,-,-,0,0-0-0,-,-,Cable3/0/3,-,-,
G91,SLM-CMTS-21,Cable3/0/2,-,-,-,-,-,0-0-0,0,-,IDLE,-,-,-,0,0-0-0,-,-,Cable3/0/4,-,-,
G91,SLM-CMTS-21,Cable3/0/2,-,-,-,-,-,0-0-0,0,-,IDLE,-,-,-,0,0-0-0,-,-,Cable3/0/5,-,-,
G92,SLM-CMTS-21,Cable3/0/3,-,-,-,-,-,0-0-0,0,-,IDLE,-,-,-,0,0-0-0,-,-,Cable3/0/6,-,-,
G92,SLM-CMTS-21,Cable3/0/3,-,-,-,-,-,0-0-0,0,-,IDLE,-,-,-,0,0-0-0,-,-,Cable3/0/7,-,-,
G93,SLM-CMTS-21,Cable3/0/4,-,-,-,-,-,0-0-0,0,-,IDLE,-,-,-,0,0-0-0,-,-,Cable3/0/8,-,-,
G93,SLM-CMTS-21,Cable3/0/4,-,-,-,-,-,0-0-0,0,-,IDLE,-,-,-,0,0-0-0,-,-,Cable3/0/9,-,-,
G94,SLM-CMTS-21,Cable3/0/5,-,-,-,-,-,0-0-0,0,-,IDLE,-,-,-,0,0-0-0,-,-,Cable3/0/10,-,-,
G94,SLM-CMTS-21,Cable3/0/5,-,-,-,-,-,0-0-0,0,-,IDLE,-,-,-,0,0-0-0,-,-,Cable3/0/11,-,-,
G95,SLM-CMTS-21,Cable3/0/6,-,-,-,-,-,0-0-0,0,-,IDLE,-,-,-,0,0-0-0,-,-,Cable3/0/12,-,-,
G95,SLM-CMTS-21,Cable3/0/6,-,-,-,-,-,0-0-0,0,-,IDLE,-,-,-,0,0-0-0,-,-,Cable3/0/13,-,-,
G96,SLM-CMTS-21,Cable3/0/7,-,-,-,-,-,0-0-0,0,-,IDLE,-,-,-,0,0-0-0,-,-,Cable3/0/14,-,-,
G96,SLM-CMTS-21,Cable3/0/7,-,-,-,-,-,0-0-0,0,-,IDLE,-,-,-,0,0-0-0,-,-,Cable3/0/15,-,-,
G97,SLM-CMTS-21,Cable6/0/0,-,-,-,-,-,0-0-0,0,-,IDLE,-,-,-,0,0-0-0,-,-,Cable6/0/0,-,-,
G97,SLM-CMTS-21,Cable6/0/0,-,-,-,-,-,0-0-0,0,-,IDLE,-,-,-,0,0-0-0,-,-,Cable6/0/1,-,-,
G98,SLM-CMTS-21,Cable6/0/1,-,-,-,-,-,0-0-0,0,-,IDLE,-,-,-,0,0-0-0,-,-,Cable6/0/2,-,-,
G98,SLM-CMTS-21,Cable6/0/1,-,-,-,-,-,0-0-0,0,-,IDLE,-,-,-,0,0-0-0,-,-,Cable6/0/3,-,-,
G99,SLM-CMTS-21,Cable6/0/2,-,-,-,-,-,0-0-0,0,-,IDLE,-,-,-,0,0-0-0,-,-,Cable6/0/4,-,-,
G99,SLM-CMTS-21,Cable6/0/2,-,-,-,-,-,0-0-0,0,-,IDLE,-,-,-,0,0-0-0,-,-,Cable6/0/5,-,-,
G100,SLM-CMTS-21,Cable6/0/3,-,-,-,-,-,0-0-0,0,-,IDLE,-,-,-,0,0-0-0,-,-,Cable6/0/6,-,-,
G100,SLM-CMTS-21,Cable6/0/3,-,-,-,-,-,0-0-0,0,-,IDLE,-,-,-,0,0-0-0,-,-,Cable6/0/7,-,-,
G101,SLM-CMTS-21,Cable6/0/4,-,-,-,-,-,0-0-0,0,-,IDLE,-,-,-,0,0-0-0,-,-,Cable6/0/8,-,-,
G101,SLM-CMTS-21,Cable6/0/4,-,-,-,-,-,0-0-0,0,-,IDLE,-,-,-,0,0-0-0,-,-,Cable6/0/9,-,-,
G102,SLM-CMTS-21,Cable6/0/5,-,-,-,-,-,0-0-0,0,-,IDLE,-,-,-,0,0-0-0,-,-,Cable6/0/10,-,-,
G102,SLM-CMTS-21,Cable6/0/5,-,-,-,-,-,0-0-0,0,-,IDLE,-,-,-,0,0-0-0,-,-,Cable6/0/11,-,-,
G103,SLM-CMTS-21,Cable6/0/6,-,-,-,-,-,0-0-0,0,-,IDLE,-,-,-,0,0-0-0,-,-,Cable6/0/12,-,-,
G103,SLM-CMTS-21,Cable6/0/6,-,-,-,-,-,0-0-0,0,-,IDLE,-,-,-,0,0-0-0,-,-,Cable6/0/13,-,-,
G104,SLM-CMTS-21,Cable6/0/7,-,-,-,-,-,0-0-0,0,-,IDLE,-,-,-,0,0-0-0,-,-,Cable6/0/14,-,-,
G104,SLM-CMTS-21,Cable6/0/7,-,-,-,-,-,0-0-0,0,-,IDLE,-,-,-,0,0-0-0,-,-,Cable6/0/15,-,-,
G105,SLM-CMTS-21,Cable7/0/0,-,-,-,-,-,0-0-0,0,-,IDLE,-,-,-,0,0-0-0,-,-,Cable7/0/0,-,-,
G105,SLM-CMTS-21,Cable7/0/0,-,-,-,-,-,0-0-0,0,-,IDLE,-,-,-,0,0-0-0,-,-,Cable7/0/1,-,-,
G106,SLM-CMTS-21,Cable7/0/1,-,-,-,-,-,0-0-0,0,-,IDLE,-,-,-,0,0-0-0,-,-,Cable7/0/2,-,-,
G106,SLM-CMTS-21,Cable7/0/1,-,-,-,-,-,0-0-0,0,-,IDLE,-,-,-,0,0-0-0,-,-,Cable7/0/3,-,-,
G107,SLM-CMTS-21,Cable7/0/2,-,-,-,-,-,0-0-0,0,-,IDLE,-,-,-,0,0-0-0,-,-,Cable7/0/4,-,-,
G107,SLM-CMTS-21,Cable7/0/2,-,-,-,-,-,0-0-0,0,-,IDLE,-,-,-,0,0-0-0,-,-,Cable7/0/5,-,-,
G108,SLM-CMTS-21,Cable7/0/3,-,-,-,-,-,0-0-0,0,-,IDLE,-,-,-,0,0-0-0,-,-,Cable7/0/6,-,-,
G108,SLM-CMTS-21,Cable7/0/3,-,-,-,-,-,0-0-0,0,-,IDLE,-,-,-,0,0-0-0,-,-,Cable7/0/7,-,-,
G109,SLM-CMTS-21,Cable7/0/4,-,-,-,-,-,0-0-0,0,-,IDLE,-,-,-,0,0-0-0,-,-,Cable7/0/8,-,-,
G109,SLM-CMTS-21,Cable7/0/4,-,-,-,-,-,0-0-0,0,-,IDLE,-,-,-,0,0-0-0,-,-,Cable7/0/9,-,-,
G110,SLM-CMTS-21,Cable7/0/5,-,-,-,-,-,0-0-0,0,-,IDLE,-,-,-,0,0-0-0,-,-,Cable7/0/10,-,-,
G110,SLM-CMTS-21,Cable7/0/5,-,-,-,-,-,0-0-0,0,-,IDLE,-,-,-,0,0-0-0,-,-,Cable7/0/11,-,-,
G111,SLM-CMTS-21,Cable7/0/6,-,-,-,-,-,0-0-0,0,-,IDLE,-,-,-,0,0-0-0,-,-,Cable7/0/12,-,-,
G111,SLM-CMTS-21,Cable7/0/6,-,-,-,-,-,0-0-0,0,-,IDLE,-,-,-,0,0-0-0,-,-,Cable7/0/13,-,-,
G112,SLM-CMTS-21,Cable7/0/7,-,-,-,-,-,0-0-0,0,-,IDLE,-,-,-,0,0-0-0,-,-,Cable7/0/14,-,-,
G112,SLM-CMTS-21,Cable7/0/7,-,-,-,-,-,0-0-0,0,-,IDLE,-,-,-,0,0-0-0,-,-,Cable7/0/15,-,-,
G113,SLM-CMTS-21,Cable8/0/0,AC1-1,WDM-17,AD-1-1,A-1-WDM-3,-,-,-,-,DSL04200,DKG068,SUNTER B,-,-,-,9,AD1-WDM-9A,Cable8/0/0,-,-,
G113,SLM-CMTS-21,Cable8/0/0,AC1-1,WDM-18,AD-1-2,A-1-WDM-3,-,-,-,-,DSL19900,SPLIT DSL042,SUNTER B (AB),-,-,-,9,AD1-WDM-9B,Cable8/0/1,-,38,
G114,SLM-CMTS-21,Cable8/0/1,AC1-1,WDM-19,AD-1-3,A-1-WDM-3,-,-,-,-,DSL04700,DKG073,SUNTER B (G),-,-,-,10,AD1-WDM-10A,Cable8/0/2,-,38,
G114,SLM-CMTS-21,Cable8/0/1,N1-1,86,N-1-3,2/2/1986,50,1/6/1941,10655,-,DSL17800,SPLIT DSL047,SUNTER B (G) (1),-,10655,1/6/1941,-,-,Cable8/0/3,-,38,
G115,SLM-CMTS-21,Cable8/0/2,AC1-1,WDM-21,AD-1-5,A-1-WDM-3,-,-,-,-,DSL04800,DKG074,SUNTER B (H),-,-,-,11,AD1-WDM-11A,Cable8/0/4,-,-,
G115,SLM-CMTS-21,Cable8/0/2,AC1-1,WDM-22,AD-1-6,A-1-WDM-3,-,-,-,-,DSL20100,SPLIT DSL048,SUNTER H (AD),-,-,-,11,AD1-WDM-11B,Cable8/0/5,-,38,
G116,SLM-CMTS-21,Cable8/0/3,AC1-1,WDM-23,AD-1-7,A-1-WDM-3,-,-,-,-,DSL20200,SPLIT DSL053,SUNTER M (AE),-,-,-,12,AD1-WDM-12A,Cable8/0/6,-,38,
G116,SLM-CMTS-21,Cable8/0/3,-,-,-,-,-,-,-,-,DSL20300,-,SUNTER Q (AF),-,-,-,-,-,Cable8/0/7,-,38,
G117,SLM-CMTS-21,Cable8/0/4,AC1-2,WDM-25,AD-2-1,A-2-WDM-5,-,-,-,-,DSL05000,DKG076,SUNTER C (J),-,-,-,9,AD2-WDM-13A,Cable8/0/8,-,-,
G117,SLM-CMTS-21,Cable8/0/4,AC1-2,WDM-26,AD-2-2,A-2-WDM-5,-,-,-,-,DSL19600,SPLIT DSL050,SUNTER J (Y),-,-,-,9,AD2-WDM-13B,Cable8/0/9,-,38,
G118,SLM-CMTS-21,Cable8/0/5,AC1-2,WDM-27,AD-2-3,A-2-WDM-5,-,-,-,-,DSL05800,DKG311,SUNTER R,-,-,-,10,AD2-WDM-14A,Cable8/0/10,-,38,
G118,SLM-CMTS-21,Cable8/0/5,AC1-2,WDM-28,AD-2-4,A-2-WDM-5,-,-,-,-,DSL19500,SPLIT DSL058,SUNTER R (X),-,-,-,10,AD2-WDM-14B,Cable8/0/11,-,38,
G119,SLM-CMTS-21,Cable8/0/6,AC1-2,WDM-29,AD-2-5,A-2-WDM-5,-,-,-,-,DSL04900,DKG075,SUNTER C (I),-,-,-,11,AD2-WDM-15A,Cable8/0/12,-,38,
G119,SLM-CMTS-21,Cable8/0/6,AC1-2,WDM-30,AD-2-6,A-2-WDM-5,-,-,-,-,DSL20400,SPLIT DSL049,SUNTER C (I),-,-,-,11,AD2-WDM-15B,Cable8/0/13,-,38,
G120,SLM-CMTS-21,Cable8/0/7,AC1-2,WDM-31,AD-2-7,A-2-WDM-5,-,-,-,-,DSL07700,DKG281,METRO SUNTER APT (TOWER 2),-,-,-,12,AD2-WDM-16A,Cable8/0/14,-,38,
G120,SLM-CMTS-21,Cable8/0/7,AC1-2,WDM-32,AD-2-8,A-2-WDM-5,-,-,-,-,DSL07800,DKG282,METRO SUNTER APT (TOWER 1),-,-,-,12,AD2-WDM-16B,Cable8/0/15,-,38,
G121,SLM-CMTS-21,Cable9/0/0,N1-10,WDM-1,N-3-1,N-1-WDM-1,-,-,-,-,DSL11900,DCG143,MENTENG A (G),-,-,-,9,A3-WDM-1A,Cable9/0/0,-,38,
G121,SLM-CMTS-21,Cable9/0/0,N1-10,WDM-3,N-3-3,N-1-WDM-1,-,-,-,-,DSL12100,DCG246,MENTENG B,-,-,-,9,A3-WDM-1B,Cable9/0/1,-,38,
G122,SLM-CMTS-21,Cable9/0/1,N1-10,WDM-2,N-3-2,N-1-WDM-1,-,-,-,-,DSL09200,SPLIT DCG143,MENTENG G (Z),-,-,-,10,A3-WDM-2B,Cable9/0/2,-,38,
G122,SLM-CMTS-21,Cable9/0/1,N1-10,WDM-4,N-3-4,N-1-WDM-1,-,-,-,-,DSL18800,SPLIT DSL092,MENTENG Z (AC),-,-,-,10,A3-WDM-2A,Cable9/0/3,-,38,
G123,SLM-CMTS-21,Cable9/0/2,N1-10,WDM-5,N-3-5,N-1-WDM-1,-,-,-,-,DSL11800,DCG142,MENTENG A,-,-,-,11,A3-WDM-3A,Cable9/0/4,-,38,
G123,SLM-CMTS-21,Cable9/0/2,N1-10,WDM-6,N-3-6,N-1-WDM-1,-,-,-,-,DSL18700,SPLIT DSL118,MENTENG A (AB),-,-,-,11,A3-WDM-3B,Cable9/0/5,-,38,
G124,SLM-CMTS-21,Cable9/0/3,N1-10,WDM-7,N-3-7,N-1-WDM-1,-,1/7/2022,0,-,DSL13400,DCG309,MENTENG R,-,0,1/7/2022,12,A3-WDM-4A,Cable9/0/6,-,38,
G124,SLM-CMTS-21,Cable9/0/3,N1-10,WDM-8,N-3-8,N-1-WDM-1,-,-,-,-,DSL09700,NRO,1 @ CIK DITIRO MENTENG APT,-,-,-,12,A3-WDM-4B,Cable9/0/7,-,38,
G125,SLM-CMTS-21,Cable9/0/4,A1-9,WDM-9,A-3-1,A-1-WDM-2,-,-,-,-,DSL11300,DCG144,MENTENG A (I),-,-,-,10,N3-WDM-6A,Cable9/0/8,-,38,
G125,SLM-CMTS-21,Cable9/0/4,A1-9,WDM-10,A-3-2,A-1-WDM-2,-,-,-,-,DSL19000,SPLIT DCG113,MANTENG I (AE),-,-,-,10,N3-WDM-6B,Cable9/0/9,-,38,
G126,SLM-CMTS-21,Cable9/0/5,A1-9,WDM-11,A-3-3,A-1-WDM-2,-,-,-,-,DSL12000,DCG145,MENTENG A (J),-,-,-,11,N3-WDM-7A,Cable9/0/10,-,38,
G126,SLM-CMTS-21,Cable9/0/5,A1-9,WDM-12,A-3-4,A-1-WDM-2,-,-,-,-,DSL18900,SPLIT DSL120,MENTENG J (AD),-,-,-,11,N3-WDM-7B,Cable9/0/11,-,38,
G127,SLM-CMTS-21,Cable9/0/6,A1-9,WDM-13,A-3-5,A-1-WDM-2,-,1/3/1951,7105,-,DSL13500,DCG146,MENTENG EKSEKUTIF APT,-,7105,1/3/1951,9,N3-WDM-5A,Cable9/0/12,-,38,
G127,SLM-CMTS-21,Cable9/0/6,A1-9,WDM-14,A-3-6,A-1-WDM-2,-,-,-,-,DSL19100,SPLIT DCG135,MENTENG EKSEKUTIF APT (1),-,-,-,9,N3-WDM-5B,Cable9/0/13,-,38,
G128,SLM-CMTS-21,Cable9/0/7,A1-9,WDM-15,A-3-7,A-1-WDM-2,-,-,-,-,DSL19200,SPLIT DSL135,MENTENG EKSEKUTIF APT (2),-,-,-,12,N3-WDM-8B,Cable9/0/14,-,38,
G128,SLM-CMTS-21,Cable9/0/7,A1-9,WDM-16,A-3-8,A-1-WDM-2,-,-,-,-,DSL19300,SPLIT DSL135,MENTENG EKSEKUTIF APT (3),-,-,-,12,N3-WDM-8A,Cable9/0/15,-,38,
