Link_Name,Link_Type,SERVICE,Rack,OTB,Port,Distance (m),KET
DSL05500,RX,TV + INTERNET,1,1,1,16104,OK
DSL05500,TX,TV + INTERNET,1,1,2,16104,OK
DSL01600,TX,TV + INTERNET,1,1,3,10078,OK
DSL01600,RX,TV + INTERNET,1,1,4,10078,OK
IDLE EX-DSL048 RX,,,1,1,5,15385,IDLE
C00044-115_CIMB CEMPAKA PUTIH (CPK),,3,1,1,6,6220,OK
DSL25900,TX,TV + INTERNET,1,1,7,15998,OK
PUSDATIN,,DCS,1,1,8,3712,OK
DSL03200,TX,TV + INTERNET,1,1,9,6564,OK
PRIMERY TASPEN,,DCS,1,1,10,6391,OK
IDLE EX-DSL058 TX,,,1,1,11,18380,IDLE
IDLE EX-DSL058 RX,,,1,1,12,18380,IDLE
DSL01700,RX,TV + INTERNET,1,1,13,9798,OK
DSL01700,TX,TV + INTERNET,1,1,14,9798,OK
DSL24600,RX,TV + INTERNET,1,1,15,8257,OK
DSL24600,TX,TV + INTERNET,1,1,16,8257,OK
DSL25700,TX,TV + INTERNET,1,1,17,11820,OK
DSL25700,RX,TV + INTERNET,1,1,18,11820,OK
DSL25600,TX,TV + INTERNET,1,1,19,11813,OK
DSL25600,RX,TV + INTERNET,1,1,20,11028,OK
DSL24000,TX,TV + INTERNET,1,1,21,8035,OK
DSL24000,RX,TV + INTERNET,1,1,22,8037,OK
DSL22500,RX,TV + INTERNET,1,1,23,6748,OK
DSL22500,TX,TV + INTERNET,1,1,24,6754,OK
DSL01200,RX,TV + INTERNET,1,1,25,10179,
DSL01200,TX,TV + INTERNET,1,1,26,9944,
DSL24200,RX,TV + INTERNET,1,1,27,8028,
DSL24200,TX,TV + INTERNET,1,1,28,8030,
DSL23900,TX,TV + INTERNET,1,1,29,7816,
DSL23900,RX,TV + INTERNET,1,1,30,7816,
IDLE / PMS-PE-01 to SLM-PE-04 / yang kepake,,TV + INTERNET,1,1,31,12579,
DCS  TAVIA HERIGATE HOTEL JAKARTA (LINK HUB SALEMBA),,TV + INTERNET,1,1,32,6148,
DSL25300,TX,TV + INTERNET,1,1,33,11662,
DSL25300,RX,TV + INTERNET,1,1,34,11662,
DSL25500,RX,TV + INTERNET,1,1,35,12303,
DSL25500,TX,TV + INTERNET,1,1,36,12303,
DSL03000,TX,TV + INTERNET,1,1,37,7204,
DSL03000,RX,TV + INTERNET,1,1,38,7211,
DSL24500,RX,TV + INTERNET,1,1,39,9718,
DSL24500,TX,TV + INTERNET,1,1,40,9718,
DSL25400,RX,TV + INTERNET,1,1,41,12085,
DSL25400,TX,TV + INTERNET,1,1,42,12085,
DSL24100,RX,TV + INTERNET,1,1,43,8251,
DSL24100,TX,TV + INTERNET,1,1,44,8254,
DSL02500,TX,TV + INTERNET,1,1,45,4115,
DSL02500,RX,TV + INTERNET,1,1,46,4115,
HOTEL HOLIDAY INN JIEXPO,,TV DVBT,1,1,47,11598,
DSL25900,RX,TV + INTERNET,1,1,48,15780,
DSL25000,TX,TV + INTERNET,1,1,49,4545,
DSL25000,RX,TV + INTERNET,1,1,50,4545,
D00218-059_DINAS TATA AIR - Pemerintah Provinsi DKI (Sunter Selatan),,DCS,1,1,51,8630,
IDLE,,,,,,,
DSL03900,RX,TV + INTERNET,1,1,53,14035,10690
DSL03800,TX,TV + INTERNET,1,1,54,14044,
DSL03800,RX,TV + INTERNET,1,1,55,14039,
DSL03900,TX,TV + INTERNET,1,1,56,14078,10690
REBUILD BB JBU02 TO HUB SALEMBA / HUBSLM > SLM-PE-31,TX,TV + INTERNET,1,1,57,3118,
REBUILD BB JBU02 TO HUB SALEMBA / HUBSLM > SLM-PE-31,RX,TV + INTERNET,1,1,58,3118,
TV Reformerd 21,,,1,1,59,1091,
GRII CG-SALEMBA ARAH GRII KEMAYORAN,,DCS,1,1,60,8800,
DSL03600,TX,TV + INTERNET,1,1,61,10691,
DSL03600,RX,TV + INTERNET,1,1,62,10691,
MDS JEXPO EVENT PRJ,,DCS,1,1,63,1091,
DSL18600,RX,TV + INTERNET,1,1,64,12438,
CITRA TOWER PRIMARY ( CTR-PE-01 TO SLM-PE-02 ),,SPYDER,1,1,65,7910,
CITRA TOWER PRIMARY ( CTR-PE-01 TO SLM-PE-02 ),,SPYDER,1,1,66,7912,
DSL03500,RX,TV + INTERNET,1,1,67,13425,
DSL03500,TX,TV + INTERNET,1,1,68,13425,
DSL02800,TX,TV + INTERNET,1,1,69,5730,
DSL02800,RX,TV + INTERNET,1,1,70,5730,
DSL02600,RX,TV + INTERNET,1,1,71,4731,
DSL02600,TX,TV + INTERNET,1,1,72,4723,
DWDM SLM-UJM,,BACKBONE,1,2,1,23834,
DWDM SLM-UJM,,BACKBONE,1,2,2,23817,
SLM-PE-10 to UJM-PE-20 TX / SLM TO KLG,,BACKBONE,1,2,3,23641,
SLM-PE-10 to UJM-PE-20 RX / SLM TO KLG,,BACKBONE,1,2,4,23666,
DSL01300,TX,TV + INTERNET,1,2,5,8221,
DSL01300,RX,TV + INTERNET,1,2,6,8226,
DSL00700,RX,TV + INTERNET,1,2,7,15002,
DSL00700,TX,TV + INTERNET,1,2,8,15002,
DSL00800,RX,TV + INTERNET,1,2,9,7941,
DSL00800,TX,TV + INTERNET,1,2,10,7941,
DSL00600,TX,TV + INTERNET,1,2,11,8093,
DSL00600,RX,TV + INTERNET,1,2,12,8093,
DSL01500,TX,TV + INTERNET,1,2,13,8278,
DSL01500,RX,TV + INTERNET,1,2,14,8278,
DSL01100,TX,TV + INTERNET,1,2,15,9423,
DSL01100,RX,TV + INTERNET,1,2,16,9412,
DSL02000,RX,TV + INTERNET,1,2,17,7803,
DSL02000,TX,TV + INTERNET,1,2,18,7802,
DSL01900,TX,TV + INTERNET,1,2,19,7461,
DSL01900,RX,TV + INTERNET,1,2,20,7463,
DSL01800,TX,TV + INTERNET,1,2,21,3766,
DSL01800,RX,TV + INTERNET,1,2,22,3766,
DSL00100,RX,TV + INTERNET,1,2,23,5765,
DSL00100,TX,TV + INTERNET,1,2,24,5765,
DSL00500,TX,TV + INTERNET,1,2,25,7271,
DSL00500,RX,TV + INTERNET,1,2,26,7271,
DSL00200,TX,TV + INTERNET,1,2,27,6534,
DSL00200,RX,TV + INTERNET,1,2,28,6535,
DSL00400,RX,TV + INTERNET,1,2,29,6508,
DSL00400,TX,TV + INTERNET,1,2,30,6504,
DSL00300,TX,TV + INTERNET,1,2,31,6217,
DSL00300,RX,TV + INTERNET,1,2,32,6217,
DSL03100,TX,TV + INTERNET,1,2,33,7847,
DSL03100,RX,TV + INTERNET,1,2,34,7847,
DSL03200,RX,TV + INTERNET,1,2,35,6557,
L00090-006_PRODIA DIACTRO LABORATORIES,,DCS,1,2,36,2156,
DSL02400,TX,TV + INTERNET,1,2,37,6608,
DSL02400,RX,TV + INTERNET,1,2,38,6607,
DSL02300,TX,TV + INTERNET,1,2,39,8229,
DSL02300,RX,TV + INTERNET,1,2,40,8224,
DSL02200,TX,TV + INTERNET,1,2,41,7275,
DSL02200,RX,TV + INTERNET,1,2,42,7272,
DSL02100,TX,TV + INTERNET,1,2,43,6026,
DSL02100,RX,TV + INTERNET,1,2,44,6027,
DSL18000,RX,TV + INTERNET,1,2,45,3044,
DSL18000,TX,TV + INTERNET,1,2,46,3044,
GRAHA MIR,RX,TV + INTERNET,1,2,47,12.078,
IDLE,,,1,2,48,,
DSL02900,RX,TV + INTERNET,1,2,49,10973,
DSL02900,TX,TV + INTERNET,1,2,50,10973,
DSL00900,RX,TV + INTERNET,1,2,51,8654,
DSL00900,TX,TV + INTERNET,1,2,52,8660,
DSL01000,TX,TV + INTERNET,1,2,53,8266,
DSL01000,RX,TV + INTERNET,1,2,54,8265,
DSL01400,TX,TV + INTERNET,1,2,55,8751,
DSL01400,RX,TV + INTERNET,1,2,56,8751,
DSL02700,TX,TV + INTERNET,1,2,57,4712,
DSL02700,RX,TV + INTERNET,1,2,58,4712,
Pusat Data Dan Informasi Cipta Karya Tata Ruang Dan Pertanahan (johar baru),,TV + INTERNET,1,2,59,2871,
SLM-PE-12 to STR-PE-01_Redundant,TX,TV + INTERNET,1,2,60,11040,
BPOM RI  ( SLM ? PE 02 PORT 10 ),,DCS,1,2,61,1435,
IDLE,,,1,2,62,,
DCS PT. JUKE SOLUSI TEKNOLOGI,,DCS,1,2,63,1079,
BANK PERMATA SUPRAPTO,,DCS,1,2,64,6297,
DSL03400,RX,TV + INTERNET,1,2,65,8111,
DSL03400,TX,TV + INTERNET,1,2,66,8105,
DSL03300,TX,TV + INTERNET,1,2,67,10958,
DSL03300,RX,TV + INTERNET,1,2,68,11123,
DSL08400,TX,TV + INTERNET,1,2,69,5534,
DSL08400,RX,TV + INTERNET,1,2,70,5370,
BPOM RI ( SLM ? PE 02 PORT 8 ),,DCS,1,2,71,1436,
KECAMATAN JOHAR BARU,,DCS,1,2,72,4576,
DSL12400,TX,TV + INTERNET,1,3,1,7247,
DSL12400,RX,TV + INTERNET,1,3,2,7244,
IDLE,,DCS,1,3,3,4454,
DCS DISJARAH TNI AL,,,1,3,4,,
DCS HOLIDAY IN GAJAH MADA,,,1,3,5,18138,
ASL223 HOTEL PULLMAN TAMRIN  (TV),TX,TV,1,3,6,9202,
HOTEL ARYADUTA (TV),,TV CORPORATE DIGI/ANALOG,1,3,7,3879,
DSL17900,RX,TV + INTERNET,1,3,8,3074,
HOTEL ASHLEY WAHID HASYIM,,TV ONLY ANALOG,1,3,9,9900,
WIN HOTEL,,DCS,1,3,10,9627,
HOTEL MERCURE CIKINI,PAKET OPTIMA,TV ONLY ANALOG,1,3,11,5308,
DCS SPIDER GRAHA MANDIRI,,SPYDER,1,3,12,7570,
DCS SLM-PE-10 TO VNL-PE-01 / DCS SPIDER PINILION PRIMARI,,SPYDER,1,3,13,2329,
DCS SLM-PE-10 TO VNL-PE-01 / DCS SPIDER PINILION PRIMARI,,SPYDER,1,3,14,2329,
EONA DWDM SLM <> BDN UJB,,BACKBONE,1,3,15,-,
EONA DWDM SLM <> BDN UJB,,BACKBONE,1,3,16,-,
EONA DWDM SLM <> BDN UJB,,BACKBONE,1,3,17,19236,21000 m
EONA DWDM SLM <> BDN UJB,,BACKBONE,1,3,18,19192,21000 m
MDS PASAR BARU,,DCS,1,3,19,8579,
NOVOTEL MANGGA DUA (TV) terminet info RDHN / 27.11.2023,,TV ONLY ANALOG,1,3,20,13252,
PUSKESMAS KECAMATAN SENEN,,PE,1,3,21,3523,
ASKOM SW-01 RX,,DCS,1,3,22,1705,
ASKOM SW-01 TX,,DCS,1,3,23,1705,
HOTEL ZIO SANNO MENTENG,,,1,3,24,7970,
DCS UOB KUSTODIAN / ks-idx-uobbank,,DCS,1,3,25,8991,
WAHANA DUTA JAYA,,DCS,1,3,26,5446,
DSL11200,TX,TV + INTERNET,1,3,27,5564,
DSL11200,RX,TV + INTERNET,1,3,28,5564,
DSL12300,TX,TV + INTERNET,1,3,29,7451,
DSL12300,RX,TV + INTERNET,1,3,30,7451,
DSL22200,TX,TV + INTERNET,1,3,31,6530,
DSL22200,RX,TV + INTERNET,1,3,32,6530,
ASURANSI JASA INDONESIA (HDIPA 100/1000Mbps),,DCS,1,3,33,5.753,
BACKBONE ANALOG CG-KG via SALEMBA (ARAH CG),,BACKBONE,1,3,34,13924,
[CG-P-04][Te0/1/0/3/8] SLM?PE-10 TO CG-P-04,,BACKBONE,1,3,35,5621,
[CG-P-04][Te0/1/0/3/8] SLM?PE-10 TO CG-P-04,,BACKBONE,1,3,36,13922,
IDLE,,,1,3,37,,
IDLE,,,1,3,38,,
DCS TIMUR RAYA ALAM DAMAI udh terminite   idlle,,DCS,1,3,39,16465,
DCS BANGUN CEMARA 2 REDUNDANT,,DCS,1,3,40,7858,
DIGITAL SALEMBA REDUNDANT 2 FROM BSP,,BACKBONE,1,3,41,29043,
PE-CG-KG via SALEMBA TX (ARAH CG),,PATCHING,1,3,42,27449,
PE-CG-KG via SALEMBA RX (ARAH CG),,PATCHING,1,3,43,27583,
IDLE,,,1,3,44,,
SLM-PE-10 to GMP-PE-02,,BACKBONE,1,3,45,10666,
DCS WALI GEREJA,,,1,3,46,-,
SLM-PE-10 to GMP-PE-02,,BACKBONE,1,3,47,3600,
IDLE,,,1,3,48,-,
DSL12700,TX,TV + INTERNET,1,3,49,4506,
DCS PROFINDO SECURITAS,,DCS,1,3,50,8447,
DSL13500,TX,TV + INTERNET,1,3,51,7105,
WAHANA DEUTSCHE BANK (slm pe-02 port 14),,,1,3,52,-,
HOTEL DES INDES ASL20700,,TV ONLY ANALOG,1,3,53,5563,
HOTEL MAX ONE SABANG,,TV ONLY ANALOG,1,3,54,7270,
HOTEL GORDEN TULIP ASL11600,,TV ONLY ANALOG,1,3,55,8124,
DSL10100,RX,TV + INTERNET,1,3,56,6382,
HOTEL LUWANSA,,TV ONLY ANALOG,1,3,57,10.361,
DSL10100,TX,TV + INTERNET,1,3,58,6382,
DCS TRIKARYA IDEA SAKTI,,DCS,1,3,59,8098,
PT SETKER TNI AL ( MAKO KORMAR )  ( MABES ),,DCS,1,3,60,9869,
INTERNUSA TRIBUANA CITRA(DIGITAL QUANTUM),,DCS,1,3,61,9735,9735
DCS KWI (KONFRENSI WALI GEREJA),,DCS,1,3,62,5879,
IDLE,,,1,3,63,,
MAXONE HAYAM WURUK,,TV ONLY ANALOG,1,3,64,13922,
WAHANA NUSANTARA HOTEL WESTIN REDUNDANT,,DCS,1,3,65,10431,
HOTEL WESTIN REDUNDANT,,TV ONLY ANALOG,1,3,66,10121,
DCS BTPSP,,DCS,1,3,67,9440,
PERTAMINA KRAMAT DSL172,NA,TV ONLY DIGITAL,1,3,68,4469,
DSL16700,TX,TV + INTERNET,1,3,69,6619,
DSL16700,RX,TV + INTERNET,1,3,70,6616,
DCS DISJARAH AL / BENDAHARA PENGELUARAN MABES TNI AL-DISJARAH,,DCS,1,3,71,2196,
HOTEL R17 ASL220 (Ashley tanah abang/sabang) /ASHLEY SABANG,,TV ONLY ANALOG,1,3,72,9500,
DIGITAL SALEMBA REDUNDENT 1 FROM BSP,,BACKBONE,1,4,1,17913,
DCS LP3I KRAMAT,,DCS,1,4,2,1359,
DCS KUSUBDITLAKBIA DITKUAD,,DCS,1,4,3,6284,
DCS RSCP KENCANA,,DCS,1,4,4,4852,
IDLE,,,1,4,5,-,
KEMENDAL,,DCS,1,4,6,5276,
DANASAKTI SEKURITAS INDONESIA PRIMAR,,DCS,1,4,7,1265,
SUKU DINAS CIPTA KARYA KEC.SENEN ( PUSDATIN_Cipta Karya_Tata Ruang ),[EX_J00030-001] SLM-NCS-02 port 3,DCS,1,4,8,2800,
DCS AIA FINANCIAL ASTRA GRAPHIA,,DCS,1,4,9,2520,
PKB,,DCS,1,4,10,2163,
DSL22100,TX,TV + INTERNET,1,4,11,7866,
NO LABLE,RX,TV + INTERNET,1,4,12,-,
DSL10300,TX,TV + INTERNET,1,4,13,6109,
DSL10300,RX,TV + INTERNET,1,4,14,6109,
DCS VISIONET SILOAM MEDIKA,,DCS,1,4,15,7212,
DCS  BANK MNC INTERNATIONAL,,DCS,1,4,16,5276,
DCS TUGU REASURANSI adv  /  IDCLOUD-PE-01 to SLM-PE-12,,DCS,1,4,17,3104,
HOTEL CEMARA REDUNDANT,,TV ONLY ANALOG,1,4,18,6023,
MAXONE HAYAM WURUK,TX,TV + INTERNET,1,4,19,3074,
DANA REKSA,,TV ONLY ANALOG,1,4,20,-,
DSL22100,RX,TV + INTERNET,1,4,12,7866,
PRIMA HOTEL ASHLEY / ASHLEY TANAH ABANG,,TV ONLY ANALOG,1,4,22,14653,
DSL12500,TX,TV + INTERNET,1,4,23,2018,
DSL12500,RX,TV + INTERNET,1,4,24,2018,
DCS SPIDER HANURATA,AKTIF,SPYDER,1,4,25,10277,
DCS SPIDER HANURATA,DISCONECT,SPYDER,1,4,26,10277,
DCS MDS ATRIUM,,DCS,1,4,27,5347,
PROMENADE / PRO,,TV + INTERNET,1,4,28,9.937,
WAHANA DEUTSCHE BANK (slm pe-02 port 14),,TV + INTERNET,1,4,29,,
DANA REKSA,,DCS,1,4,30,-,
DWDM LH SLM - BDN,,BACKBONE,1,4,31,15732,
DWDM CISCO CG-SLM,,BACKBONE,1,4,32,15625,
AIRMAS ASRI,,PE-03 PORT 10,1,4,33,3061,
PRIMARY WDM 2 RX,,TV + INTERNET,1,4,34,6920,
PRIMARY WDM 2 TX,,TV + INTERNET,1,4,35,6920,
DCS KU-PUS PENERBAD,,DCS,1,4,36,1362,
IDLE,,,1,4,37,-,
IDLE,,,1,4,38,-,
IDLE,,,1,4,39,-,
IDLE,,,1,4,40,-,
IDLE,,,1,4,41,-,
IDLE,,,1,4,42,-,
IDLE,,,1,4,43,-,
IDLE,,,1,4,44,-,
IDLE,,,1,4,45,-,
IDLE,,,1,4,46,-,
IDLE,,,1,4,47,-,
IDLE,,,1,4,48,-,
DSL09000,RX,TV + INTERNET,1,4,49,6839,
DSL09000,TX,TV + INTERNET,1,4,50,6836,
REDUNDENT WDM 1 RX,,BACKBONE WDM,1,4,51,7.133,
REDUNDENT WDM 1 TX,,BACKBONE WDM,1,4,52,7133,
DSL09100,TX,TV + INTERNET,1,4,53,8194,
DSL09100,RX,TV + INTERNET,1,4,54,8194,
DSL12200,TX,TV + INTERNET,1,4,55,8576,
DSL12200,RX,TV + INTERNET,1,4,56,8576,
DSL09600,TX,TV + INTERNET,1,4,57,9033,
DSL09600,RX,TV + INTERNET,1,4,58,9033,
DSL17500,TX,TV + INTERNET,1,4,59,6643,
DSL17500,RX,TV + INTERNET,1,4,60,6643,
IDLE,,,1,4,61,6763,
IDLE,,,1,4,62,6765,
DCS KEMENTRIAN PERTAHANAN (KU-PUSPOMAD) MERDEKA TIMUR,,DCS,1,4,63,4711,
DSL228,TX,TV + INTERNET,1,4,64,8270,
DWDM TO DAAN MOGOT,,BACKBONE,1,4,65,34720,
DCS EQUITY SECURITIES INDONESIA,,DCS,1,4,66,11310,
DCS MALKOLANTAMAL 2,,DCS,1,4,67,14562,
DCS BARESKRIM LT.2,,DCS,1,4,68,1365,
DCS BARESKRIM LT.1,,DCS,1,4,69,4679,
IDLE,,,1,4,70,-,
ANALOG SLM<>BDN (PAKET 13),,TV ONLY ANALOG,1,4,71,18917,
ANALOG SLM<>BDN (PAKET BASIC),,TV ONLY ANALOG,1,4,72,18046,
DCS PUSAT DATA & INFORMASI CIPTA KARYA TATA RUANG & PERTAHANAN KECAMATAN MATRAMAN,,DCS,1,5,1,4472,
DCS KECAMATAN CEMPAKA PUTIH PTSK,,DCS,1,5,2,3688,
DSL23600,RX,TV + INTERNET,1,5,3,8663,
DSL23600,TX,TV + INTERNET,1,5,4,8674,
APT. KESINGTON RX,,PE,1,5,5,11485,
APT. KESINGTON TX,,PE,1,5,6,11485,
Rsebuild FTTH BB JBU03 TO HUB SALEMBA,,DCS,1,5,7,6687,
Rsebuild FTTH BB JBU03 TO HUB SALEMBA,,,1,5,8,6688,
DSL23500,RX,TV + INTERNET,1,5,9,8393,
DSL23500,TX,TV + INTERNET,1,5,10,8397,
DCS BINA MARGA  KECAMATANA MATRAMAN,,DCS,1,5,11,4634,
DCS SUKU DINAS TATA AIR JAKARTA UTARA,,,1,5,12,18528,
DSL19800,TX,TV + INTERNET,1,5,13,10921,
DSL19800,RX,TV + INTERNET,1,5,14,10921,
DSL19700,TX,TV + INTERNET,1,5,15,10718,
DSL19700,RX,TV + INTERNET,1,5,16,10718,
DSL04000,RX,TV + INTERNET,1,5,17,6484,
DSL04000,TX,TV + INTERNET,1,5,18,6483,
DSL11400,TX,TV + INTERNET,1,5,19,7662,
DSL11400,RX,TV + INTERNET,1,5,20,7662,
DSL11500,TX,TV + INTERNET,1,5,21,7568,
DSL11500,RX,TV + INTERNET,1,5,22,7570,
DSL11700 / GRAND PALACE APARTEMENT,TX,TV + INTERNET,1,5,23,7878,
DSL11700,RX,TV + INTERNET,1,5,24,7878,
DIGITAL REDUNDANT KELAPA GADING FROM SLM,,BACKBONE,1,6,1,15526,
BACKBONE ANALOG CG - KG VIA SALEMBA (arah KG),,PACHING,1,6,2,12455,
IDLE,,,1,6,3,-,
ANUGERAH ANUGRAH,,DCS,1,6,4,11120,
PE 10 CG - KG VIA SALEMBA (ARAH KG),,PATCHING,1,6,5,12534,
PE 10 CG - KG VIA SALEMBA,,PATCHING,1,6,6,12528,
DSL20500,RX,TV + INTERNET,1,6,7,10387,
DSL20500,TX,TV + INTERNET,1,6,8,10387,
DSL25100,TX,TV + INTERNET,1,6,9,8695,
DSL25100,RX,TV + INTERNET,1,6,10,8695,
IDLE,,,1,6,11,,
IDLE,,,1,6,12,,
IDLE EX-DSL195 TX,,TV + INTERNET,1,6,13,15952,
IDLE EX-DSL195 RX,,TV + INTERNET,1,6,14,15952,
IDLE EX-DSL196 TX,,TV + INTERNET,1,6,15,15413,
IDLE,,,1,6,16,-,
IDDLE,,SPYDER,1,6,17,1077,
IDDLE,,SPYDER,1,6,18,12043,
 ,,DCS,1,6,19,2196,
HONDA PROSPECT MOTOR,,DCS,1,6,20,11861,
THE MANSION JASMINE (TMJ-PE-01), ?,,1,6,21,17796,
DUA TEPIAN SUNGAI,,DCS,1,6,22,5591,
APT HOLAN VILAGE ( HLD PE 02 ),,,1,6,23,8394,
APT HOLAN VILAGE ( HLD PE 02 ),,,1,6,24,8394,
DWDM CISCO METRO SLM <> KG,,,1,6,25,19573,
IDLE,,,1,6,26,-,
DWDM CISCO METRO SLM <> KG,,,1,6,27,15037,
THE MANSION JASMINE (TMJ-PE-01),,,1,6,28,17796,
DWDM SLM-KG RE-ENG,,,1,6,29,-,
SLM KG LONG HOUL / DWDM CISCO LH SLM KLG,,,1,6,30,15014,
SLM KG LONG HOUL / DWDM CISCO LH SLM KLG,,,1,6,31,15014,
NO LABLE,,,1,6,32,-,
DSL18100,TX,TV + INTERNET,1,6,33,7225,
DSL18100,RX,TV + INTERNET,1,6,34,7225,
IDLE, ?,,1,6,35,-,
IDLE, ?,,1,6,36,-,
DSL23800,RX,TV + INTERNET,1,6,37,7558,
DINAS CIPTA KARYA PUSDATIN KEMAYORAN,,PE-03,1,6,38,10769,
DSL23800,TX,TV + INTERNET,1,6,39,7558,
SLM PE 03 INTERNALLINK SPIDER HLD PE 01,,,1,6,40,8711,
DSL17800,TX,TV + INTERNET,1,6,41,10655,
DSL17800,RX,TV + INTERNET,1,6,42,10655,
DSL23700,TX,TV + INTERNET,1,6,43,7354,
DSL23700,RX,TV + INTERNET,1,6,44,7354,
SLM PE 03 INTERNALLINK SPIDER HLD PE 01,,,1,6,45,8711,
RUMAH SESJEN KOMPLEK AL / IR HARJOSUSMORO,,,1,6,46,3441,
ASKRIDA TOWER PRIMARY,,SPYDER,1,6,47,3000,
ASKRIDA TOWER PRIMARY,,SPYDER,1,6,48,3000,
DSL13200,TX,TV + INTERNET,1,7,1,3064,
DSL13200,RX,TV + INTERNET,1,7,2,3060,
DSL12600,RX,TV + INTERNET,1,7,3,3373,
DSL12600,TX,TV + INTERNET,1,7,4,3373,
DSL12700,RX,TV + INTERNET,1,7,5,4485,
IDLE,,,1,7,6,-,
DWDM SLM CTN RE-ENG / DWDM METRO SLM <> CTN,,,1,7,7,11900,
DWDM SLM CTN RE-ENG / DWDM METRO SLM <> CTN,,,1,7,8,11900,
HOTEL GRAND MERCURE,,TV ONLY ANALOG,1,7,9,11706,
IDLE,,,1,7,10,-,
DSL13100,RX,TV + INTERNET,1,7,11,2796,
DSL13100,TX,TV + INTERNET,1,7,12,2796,
DCS DITJEND EBTKE ( ESDM ),,DCS,1,7,13,4489,
PROMENADE / PRO,,,1,7,14,9.937,
SLM BSP VIA RE-ENG / DWDM LH SLM <> CG / DWDM Cisco LH CTN <> SLM,,BACKBONE,1,7,15,14445,
SLM BSP VIA RE-ENG / DWDM LH SLM <> CG / DWDM Cisco LH CTN <> SLM,,BACKBONE,1,7,16,14438,
DSL13300,TX,TV ONLY DIGITAL,1,7,17,6595,
IDLE,,,1,7,18,-,
DCS METALOGIX INFOLINK PERSADA,DCS,,1,7,19,8.312,
MTG-PE-01 ODC MENTENG,,,1,7,20,4802,
MTG-PE-01 ODC MENTENG,,,1,7,21,4803,
DSL13400,TX,,1,7,22,,
DSL17400,TX,TV + INTERNET,1,7,23,6268,
DSL17400,RX,TV + INTERNET,1,7,24,6268,
DWDM UJB SLM<>CTN,,,1,7,25,14274,
DWDM UJB SLM<>CTN,,,1,7,26,14277,
IDLE,,,1,7,27,-,
IDLE,,,1,7,28,-,
IDLE,,,1,7,29,-,
IDLE,,,1,7,30,-,
IDLE,,,1,7,31,-,
IDLE,,,1,7,32,-,
IDLE,,,1,7,33,-,
IDLE,,,1,7,34,-,
IDLE,,,1,7,35,-,
IDLE,,,1,7,36,-,
DCS METALOGIX INFOLINK PERSADA,DCS,,1,7,37,8.312,
DSL17000 / TV US EMBASSY   ( SLM-PE-10-to-USE-PE-01 )  ,PE-10-to-USE-PE-01,TV ONLY,1,7,38,5295,
DSL13900,TX,TV + INTERNET,1,7,39,4698,
DSL13900,RX,TV + INTERNET,1,7,40,4698,
DSL13800,TX,TV + INTERNET,1,7,41,10416,
DSL13800,RX,TV + INTERNET,1,7,42,10416,
DSL10900,TX,TV ONLY DIGITAL,1,7,43,8602,
DCS PERMATA BANK CIKINI,,DCS,1,7,44,2828,
HOTEL LUMIRE REDUNDANT / NO LEBEL,,TV ONLY ANALOG,1,7,45,7196,
DSL228,RX,TV + INTERNET,1,7,46,8270,
PUSKU KEMHAN,,DCS,1,7,47,5042,
CS US AMBASSY,,DCS,1,7,48,5306,
DSL230,TX,,2,1,1,7935,
DSL230,RX,,2,1,2,7935,
DSL229,RX,,2,1,3,7049,
DSL229,TX,,2,1,4,7049,
BIMANTARA CITRA ALOET HOTEL,,,2,1,5,-,
JAYA REAL PROPERTY,,,2,1,6,5356,
HI HOTEL SENEN,,TV ONLY ANALOG,2,1,7,5357,
IDLE,,,2,1,8,-,
IDLE,KE,,2,1,9,-,
BIMANTARA CITRA ALOET HOTEL / Hotel Aloft Wahid Hasyim,,,2,1,10,9925,
Rsebuild FTTH BB JBU01 TO HUB SALEMBA,TX,,2,1,11,5739,
Rsebuild FTTH BB JBU01 TO HUB SALEMBA,RX,,2,1,12,5738,
DSL08000,TX,,2,1,13,1835,
DSL08000,RX,,2,1,14,1835,
DSL08100,TX,,2,1,15,1835,
DSL08100,RX,,2,1,16,1835,
DCS BANK DANAMON / BANK_DANAMON_INDONESIA[SLM-DANAMON-N520-01-D00153,,DCS,2,1,17,9037,
DCS RSIA BUNDA WINGS UMUM,,DCS,2,1,18,10578,
DCS JASNITA to IDC,,DCS,2,1,19,8097,
DSL24900,,,2,1,20,7204,
IDLE,,,2,1,21,-,
DCS AMANTARA,,DCS,2,1,22,7511,
IDLE,,,2,1,23,-,
DSL24900,,DCS,2,1,24,7204,
IDLE,,,2,2,1,-,
IDLE,,,2,2,2,-,
IDLE,,,2,2,3,-,
IDLE,,,2,2,4,-,
IDLE,,,2,2,5,-,
IDLE,,,2,2,6,-,
IDLE,,,2,2,7,-,
IDLE,,,2,2,8,-,
IDLE,,,2,2,9,-,
IDLE,,,2,2,10,-,
IDLE,,,2,2,11,-,
IDLE,,,2,2,12,-,
IDLE,,,2,2,13,-,
IDLE,,,2,2,14,-,
IDLE,,,2,2,15,-,
IDLE,,,2,2,16,-,
IDLE,,,2,2,17,-,
IDLE,,,2,2,18,-,
IDLE,,,2,2,19,-,
IDLE,,,2,2,20,-,
IDLE,,,2,2,21,-,
IDLE,,,2,2,22,-,
IDLE,,,2,2,23,-,
IDLE,,,2,2,24,-,
"DCS AL-AMIN / Asuransi jiwa syariah Al-Amin
",,,2,3,1,5688,
HOTEL HARRIS ( ASL213 ),,TV ONLY ANALOG,2,3,2,6387,
IDLE,,,2,3,3,-,
IDLE,,,2,3,4,-,
FTTH APT CASABLANCA,,,2,3,5,9389,
FTTH APT CASABLANCA (IDLE),,,2,3,6,-,
IDLE,,,2,3,7,-,
IDLE,,,2,3,8,-,
ASHLEY TUGU TANI,,,2,3,9,6282,
ASHLEY TUGU TANI,,,2,3,10,6282,
IDLE,,,2,3,11,-,
IDLE,,,2,3,12,-,
REVERSE PROJECT MAINTANCE OLT / SLM PE-10 to PCB PE-01 / PURI CASABLANCA,,,2,3,13,7324,
REVERSE PROJECT MAINTANCE OLT / SLM PE-10 to PCB PE-01 / PURI CASABLANCA,,,2,3,14,7322,
IDLE,,,2,3,15,-,
IDLE,,,2,3,16,-,
IDLE,,,2,3,17,-,
IDLE,,,2,3,18,-,
IDLE,,,2,3,19,-,
IDLE,,,2,3,20,-,
IDLE,,,2,3,21,-,
IDLE,,,2,3,22,-,
IDLE,,,2,3,23,-,
IDLE,,,2,3,24,-,
DSL13000,RX,TV + INTERNET,2,4,1,2388,
DSL13000,TX,TV + INTERNET,2,4,2,2396,
ASL20800 / HOTEL BAPEPAM,,TV ONLY ANALOG,2,4,3,6614,
ASL21500 / HOTEL ARYADUTA,,TV ONLY ANALOG,2,4,4,6028,
SARIPAN,,DCS,2,4,5,8618,
ASL21000 HOTEL SARIPAN,,TV ONLY ANALOG,2,4,6,7.687,
DCS MNC SHOP,,DCS,2,4,7,7171,
DEUTSCHE 2,,DCS,2,4,8,9509,
DCS DEUTSCHE CUSTODIAN,,DCS,2,4,9,9497,
BCA ATRIUM SENEN,,,2,4,10,6.327,
DCS DPRD DKI,,,2,4,11,7163,
DCS PERTAMINA PATRA NIAGA MOR 3,,DCS,2,4,12,3264,
DCS ERDIKA ELIT 01 SECURITIES,,DCS,2,4,13,14469,
ERDHIKA H DIPA,,DCS,2,4,14,14420,
DCS BCA KEBON SIRIH (Rehoming),,DCS,2,4,15,8900,
IDLE,,,2,4,16,-,
APT SAHID SUDIRMAN / SLM-PE-11 To SHD-PE-01,,,2,4,17,14039,
IDLE,,,2,4,18,-,
IDLE,,DCS,2,4,19,,
RAV-SW-01 / RAVINDO,,,2,4,20,7619,
(STI) SAMPOERNA TELEMEDIA KRAMAT SENEN,,DCS,2,4,21,9389,
MEGA ENERGI I,,DCS,2,4,22,9805,
ASL21600,,TV ONLY ANALOG,2,4,23,-,
POSKODALAD,,,2,4,24,13049,
ASL21400 / ABDI WALUYO,,TV ONLY ANALOG,2,5,1,-,
DJPU C.1,,DCS,2,5,2,10310,
DCS HASJRAT ABADI,,DCS,2,5,3,9738,
DCS WIJAYA KUSUMA,,DCS,2,5,4,9710,
DSL24300,TX,,2,5,5,8181,
DSL24400,,,2,5,6,7847,
DSL21800,TX,TV + INTERNET,2,5,7,7921,
DSL21800,RX,TV + INTERNET,2,5,8,7924,
DCS MODERN INTI,,DCS,2,5,9,8810,
DSL24300,RX,,2,5,10,17849,
DSL24400,,,2,5,11,8181,
DWDM  JAYABAYA SLM ?  NOC ANCOL,,dsl,2,5,12,18066,
DCS BAPEPAM01-fo,,DCS,2,5,13,10296,
DCS SUPRA C.2,,DCS,2,5,14,11126,
DCS MENARA ERA,Link SLM-PE-10 To ERA-PE-01,,2,5,15,6266,
DCS SAMUEL C.2,,DCS,2,5,16,10523,
DWDM CISCO LH ACL-SLM,,BACKBONE,2,5,17,19715,
DWDM CISCO LH ACL-SLM,,BACKBONE,2,5,18,19715,
IDLE,,TV+INTERNET,2,5,19,3345,
MENARA ERA REDUNDANT,Link SLM-PE-10 To ERA-PE-01,,2,5,20,6266,
DCS ERDIKA ELIT [NEW_PORT][SFP],,DCS,2,5,21,7474,
DCS ERDHIKA ELIT ? JTPM REDUNDANT,,DCS,2,5,22,7099,
DCS AGUNG AUTO MALL/FDS /SLM-ADV-01,,DCS,2,5,23,9606,
DWDM  JAYABAYA SLM ?  NOC ANCOL,,BACKBONE,2,5,24,18066,
DCS ALDIRA CITRA,,DCS,2,6,1,8710,
DCS MERCUBUANA,,DCS,2,6,2,9567,
PLAZA BANK INDEX / INDX,,DCS,2,6,3,8078,
PLAZA BANK INDEX / INDX,,DCS,2,6,4,8078,
LS PERTAMINA / PERTAMINA GAMBIR,TV ONLY,,2,6,5,7525,
"Pusat Data Dan Informasi Cipta Karya, Tata Ruang Dan Pertanahan PADEMANGAN BARAT",,,2,6,6,16144,
IDDLE,,,2,6,7,,
ASL20900 / DEUTSCHE BANK,,TV + INTERNET,2,6,8,10449,
ASL20900 / DEUTSCHE BANK,,TV + INTERNET,2,6,9,10449,
SATKER TNI AL SPOTMAR,,DCS,2,6,10,5800,
DCS BNP PARIBAS C.1,,DCS,2,6,11,14640,
DCS RSIA BUNDA,,DCS,2,6,12,9624,
DWDM RE-ENG SLM <> BDN METRO,,BACKBONE new,2,6,13,26308,31000 m
IDLE,,,2,6,14,-,
DWDM SISCO LH SLM <> BDN,,BACKBONE new,2,6,15,26379,30700 m
DWDM SISCO LH SLM <> BDN,,BACKBONE new,2,6,16,26379,30700 m
DWDM RE-ENG SLM <> BDN METRO,,BACKBONE new,2,6,17,26308,31000 m
VALDO,,DCS,2,6,18,12341,
DCS UOB KAHIYAN C.2,,DCS,2,6,19,16563,
DWDM PERMATA HUK,,,2,6,20,-,
DCS VALBURY C.2,,DCS,2,6,21,9966,
DWDM PERMATA HUK,,,2,6,22,-,
QUIROS NETWORK,,,2,6,23,5095,
PRIMA HOTEL INDONESIA/ASHLEY TANG SABANG ( R8 ),,,2,6,24,9123,
DCS DINAMIKA USAHA C.2,,DCS,2,7,1,18700,
DCS BCA KWITANG,,DCS,2,7,2,8703,
DCS BANK DANAMON C.1,,DCS,2,7,3,6567,
PE=MGL-SLM (Tx),,PE,2,7,4,6955,
BANK NASIONAL NOBU,,,2,7,5,6351,
ARYA DUTA / ARYADUTA DCS,,DCS,2,7,6,7572,
PE=MGL-SLM (Rx),,,2,7,7,6952,
BPM TNI AL KOARMADA 1 / KODAMKAR,,DCS,2,7,8,7595,
IDDLE,,DCS,2,7,9,6351,
SPIDER GRAHA MR 21,2 CORE,,2,7,10,6317,
DCS TONSON ANTARA,,DCS,2,7,11,3342,
PERTAMINA (SLM-PE-03) / Pertamina_Lubricants,,,2,7,12,7713,
IDLE,,,2,7,13,-,
IDLE,,,2,7,14,-,
DCS AEROWISATA,,DCS,2,7,15,9976,
DCS PGI CIKINI,,DCS,2,7,16,11198,
DCS ASURAN,,DCS,2,7,17,6346,
ASL21100 TX BANK MANDIRI,,TV + INTERNET,2,7,18,10.809,
DCS DEUTSCHE IMAM BONJOL,,DCS,2,7,19,9469,
DCS OKANSA KAPITAL,,DCS,2,7,20,9529,
DCS MANDALA FINANCE,,DCS,2,7,21,10148,
PRIMARY WDM 1 TX,,BACKBONE WDM,2,7,22,6543,
PRIMERY WDM 1 RX,,BACKBONE WDM,2,7,23,6543,
ASL21100 RX BANK MANDIRI,,TV + INTERNET,2,7,24,10.809,
IDLE,,,2,8,1,-,
IDLE,,,2,8,2,-,
IDLE,,,2,8,3,-,
IDLE,,,2,8,4,-,
IDLE,,,2,8,5,-,
IDLE,,,2,8,6,-,
IDLE,,,2,8,7,-,
IDLE,,,2,8,8,-,
IDLE,,,2,8,9,-,
IDLE,,,2,8,10,-,
IDLE,,,2,8,11,-,
IDLE,,,2,8,12,-,
DCS MNC SECURITAS (Lab),,DCS,2,8,13,6374,
DCS MNC SECURITAS INTERNET C.2,,DCS,2,8,14,6373,
IDLE,,,2,8,15,-,
IDLE,,,2,8,16,-,
DCS PTPN (PERTAMINA PATRA NIAGA ) DSL232,2 CORE,DCS,2,8,17,5696,
REDUNDANT WDM 2 RX,,BACKBONE WDM,2,8,18,8150,
REDUNDANT WDM 2 TX,,BACKBONE WDM,2,8,19,8150,
IDLE,,,2,8,20,-,
PERMATA BANK JOHAR,,DCS,2,8,21,5772,
SPIDER GRAHA MR 21,2 CORE,,2,8,22,6317,
DCS MNC FINANCE,,DCS,2,8,23,6402,
MNC KAPITAL INDONESIA,,,2,8,24,-,
IDLE,,,2,9,1,-,
IDLE,,,2,9,2,-,
IDLE,,,2,9,3,-,
IDLE,,,2,9,4,-,
IDLE,,,2,9,5,-,
IDLE,,,2,9,6,-,
IDLE,,,2,9,7,-,
DCS BCA KWITANG,,,2,9,8,8703,
PASAR BARU MANSION,TX,PE,2,9,9,9563,LOSSES 8264
PASAR BARU MANSION,RX,PE,2,9,10,9563,LOSSES 7426
IDLE,,,2,9,11,-,
IDLE,,,2,9,12,-,
IDLE,,,2,9,13,-,
IDLE,,,2,9,14,-,
IDLE,,,2,9,15,-,
IDLE,,,2,9,16,-,
IDLE,,,2,9,17,-,
IDLE,,,2,9,18,-,
IDLE,,,2,9,19,-,
IDLE,,,2,9,20,-,
IDLE,,,2,9,21,-,
IDLE,,,2,9,22,-,
IDLE,,,2,9,23,-,
IDLE,,,2,9,24,-,
IDLE,,,2,10,1,-,
IDLE,,,2,10,2,-,
IDLE,,,2,10,3,-,
IDLE,,,2,10,4,-,
IDLE,,,2,10,5,-,
IDLE,,,2,10,6,-,
IDLE,,,2,10,7,-,
IDLE,,,2,10,8,-,
IDLE,,,2,10,9,-,
IDLE,,,2,10,10,-,
IDLE,,,2,10,11,-,
IDLE,,,2,10,12,-,
IDLE,,,2,10,13,-,
IDLE,,,2,10,14,-,
IDLE,,,2,10,15,-,
IDLE,,,2,10,16,-,
IDLE,,,2,10,17,-,
IDLE,,,2,10,18,-,
IDLE,,,2,10,19,-,
IDLE,,,2,10,20,-,
IDLE,,,2,10,21,-,
IDLE,,,2,10,22,-,
IDLE,,,2,10,23,-,
IDLE,,,2,10,24,-,
IDLE,,,2,11,1,-,
EONA DWDM UJB SLM<>NIX JAKARTA,,BACKBONE,2,11,2,5309,
DCS SPIDER TEMPO SCAN,,DCS,2,11,3,11642,
DCS SPIDER TEMPO SCAN,,DCS,2,11,4,11633,
DCS GRAMEDIA ASRI MEDIA,,DCS,2,11,5,4129,
DSL16800,TX,TV + INTERNET,2,11,6,5750,
HOTEL WYNDHOME CASABLANCA (RS BRAWIJAYA),,TV ONLY ANALOG,2,11,7,6587,
DSL16800,RX,TV + INTERNET,2,11,8,5750,
DSL16500,TX,TV + INTERNET,2,11,9,4523,
DSL16500,RX,TV + INTERNET,2,11,10,4523,
BADIKLAT KEMHAN / Bendahara_Pengeluaran_Kemhan_[Primary,,DCS,2,11,11,2029,
DSL149,RX,TV + INTERNET,2,11,12,7165,
IDLLE,,SPYDER,2,11,13,,
IDLLE,,SPYDER,2,11,14,,
DCS KU DITPALAD,,DCS,2,11,15,4405,
DCS DISLIT BANGAD,,DCS,2,11,16,4676,
DCS RUMAH POMPA SETIA BUDI TIMUR,,DCS,2,11,17,6326,
DCS PINTU AIR KW31 / DINAS TATA AIR MATRAMAN,,DCS,2,11,18,4705,
DCS DSDA RUMAH POMPA BIDARA CINA,,DCS,2,11,19,7288,
DCS DPP (PARTAI DEMOKRAT),,DCS,2,11,20,3.106,
EONA DWDM UJB SLM<>NIX JAKARTA,,BACKBONE,2,11,21,5309,
ÿSLM-PUSINTELAD,,,2,11,22,4147,
IDLLE,,SPYDER,2,11,23,,
DCS SPIDER AIROBIMO SENTRAL (ARB),,SPYDER,2,11,24,8.618,
SLM PE 10 TO QUANTUM PE 01,,,2,12,1,8.402,
DSL16400,TX,TV + INTERNET,2,12,2,6914,
DSL15500,RX,TV + INTERNET,2,12,3,7598,
DSL15500,TX,TV + INTERNET,2,12,4,7597,
DSL15400,TX,TV + INTERNET,2,12,5,7117,
DSL15400,RX,TV + INTERNET,2,12,6,7118,
DSL16600,TX,TV + INTERNET,2,12,7,6374,
DSL16600,RX,TV + INTERNET,2,12,8,6371,
DSL15700,TX,TV + INTERNET,2,12,9,5641,
DSL15700,RX,TV + INTERNET,2,12,10,5642,
DSL15800,TX,TV + INTERNET,2,12,11,6420,
DSL15800,RX,TV + INTERNET,2,12,12,6419,
DSL15100,TX,TV + INTERNET,2,12,13,7965,
DSL15100,RX,TV + INTERNET,2,12,14,7965,
DSL14800,TX,TV + INTERNET,2,12,15,8266,
DSL14800,RX,TV + INTERNET,2,12,16,8266,
DSL146,TX,TV + INTERNET,2,12,17,7100,
DSL146,RX,TV + INTERNET,2,12,18,7100,
DSL14700,TX,TV + INTERNET,2,12,19,7473,
DSL14700,RX,TV + INTERNET,2,12,20,7473,
DSL149,TX,TV + INTERNET,2,12,21,7165,
BCA PRIMACOM SLM ADV 01 PORT 12,,DCS,2,12,22,7000,
DSL15000,TX,TV + INTERNET,2,12,23,5045,
DSL15000,RX,TV + INTERNET,2,12,24,5044,
DSL14300,TX,TV + INTERNET,2,13,1,5004,
DSL14300,RX,TV + INTERNET,2,13,2,5003,
DSL14400,TX,TV + INTERNET,2,13,3,4572,
DSL14400,RX,TV + INTERNET,2,13,4,4572,
DSL14500,TX,TV + INTERNET,2,13,5,4179,
DSL14500,RX,TV + INTERNET,2,13,6,4179,
DSL14100,TX,TV + INTERNET,2,13,7,4387,
DSL14100,RX,TV + INTERNET,2,13,8,4384,
DSL14200,TX,TV + INTERNET,2,13,9,3676,
DSL14200,RX,TV + INTERNET,2,13,10,3676,
DSL14000,TX,TV + INTERNET,2,13,11,3158,
DSL14000,RX,TV + INTERNET,2,13,12,3158,
SPIDER WISMA INDOMOBIL / SLM-PE-10 to WIM4-PE-01,,SPYDER,2,13,13,9825,
SWADHARMA HOTEL SHANGRILA CATV,,TV ONLY ANALOG,2,13,14,13919,
BCA JATINEGARA TIMUR,,DCS,2,13,15,7460,
SUDIRMAN PLAZA,,TV ONLY ANALOG,2,13,16,9746,
DCS JAYA KENCANA,,DCS,2,13,17,1620,
DCS BCA KK_PASAR JATINEGARA SLM-NCS-02-5,,DCS,2,13,18,5807,
DSL12800,TX,TV + INTERNET,2,13,19,2469,
DSL12800,RX,TV + INTERNET,2,13,20,2469,
DSL12900,TX,TV + INTERNET,2,13,21,1329,
DSL12900,RX,TV + INTERNET,2,13,22,1322,
SPIDER WISMA INDOMOBIL / SLM-PE-10 to WIM4-PE-01,,SPYDER,2,13,23,9825,
COZMO MENTENG,,DCS,2,13,24,2575,
REDUNDANT WISMA RAJAWALI,,SPYDER,2,14,1,10.045,
REDUNDANT WISMA RAJAWALI,,SPYDER,2,14,2,10.045,
GRII CG-SLM,,,2,14,3,-,
HOTEL MY FLOWER,,TV ONLY ANALOG,2,14,4,10100,
BANK BCA SYARIAH C1,,DCS,2,14,5,6738,
DCS SPIDER MENARA PALMA,,SPYDER,2,14,6,8751,
DSL16400,RX,TV + INTERNET,2,14,7,6911,
DCS SPIDER MENARA PALMA,,SPYDER,2,14,8,8751,
DSL15600,TX,TV + INTERNET,2,14,9,5525,
DSL15600,RX,TV + INTERNET,2,14,10,5522,
DSL16000,TX,TV + INTERNET,2,14,11,5962,
DSL16000,RX,TV + INTERNET,2,14,12,5967,
DSL15900,TX,TV + INTERNET,2,14,13,6197,
DSL15900,RX,TV + INTERNET,2,14,14,6194,
DSL16200,RX,TV + INTERNET,2,14,15,7473,
DSL16200,TX,TV + INTERNET,2,14,16,7473,
DSL16100,TX,TV + INTERNET,2,14,17,6980,
DSL16100,RX,TV + INTERNET,2,14,18,6982,
DSL16300,TX,TV + INTERNET,2,14,19,7654,
DSL16300,RX,TV + INTERNET,2,14,20,7654,
DSL15200,TX,TV + INTERNET,2,14,21,10462,
DSL15200,RX,TV + INTERNET,2,14,22,10462,
DSL15300 sudah ftth,TX,TV + INTERNET,2,14,23,6918,
DSL15300 sudah ftth,RX,TV + INTERNET,2,14,24,6914,
